childname,pronoun,24,25,26,27,28,29,30,31,32,33,34,35
Gregoire,1sg,NA,0.0028630865110566197,0.16725908372827786,0.00369685767097967,NA,0.0673626812076074,NA,0.10075034784337115,NA,0.12028615366166591,0.0961538461538462,NA
Gregoire,2sg,NA,0.17242452347279924,0.125592417061611,0.07976300501716399,NA,0.166627876047347,NA,0.0680282250049692,NA,0.07979717546577174,0.0961538461538462,NA
Gregoire,3sg,NA,0.04217756527052585,0.0296208530805687,0.05112886189595985,NA,0.0218446601941748,NA,0.0389336116080302,NA,0.0667003317143453,0.0456730769230769,0.133333333333333
Gregoire,on,NA,0.004436012940936845,0.0023696682464455,NA,NA,0.00485436893203883,NA,0.00268336314847943,NA,0.006497026850523855,0.00480769230769231,NA
Gregoire,y,NA,0.000895255147717099,0.00118483412322275,0.0055452865064695,NA,NA,NA,0.01612502484595509,NA,0.010942873732636561,NA,NA
Gregoire,1pl,NA,NA,NA,NA,NA,NA,NA,NA,NA,NA,NA,NA
Gregoire,2pl,NA,NA,NA,NA,NA,NA,NA,NA,NA,NA,NA,NA
Gregoire,3pl,NA,0.02219540781683165,0.0023696682464455,NA,NA,0.00242718446601942,NA,0.048325382627708205,NA,0.02109669659042464,0.00721153846153846,NA
Gregoire,2,NA,0.17242452347279924,0.125592417061611,0.07976300501716399,NA,0.166627876047347,NA,0.0680282250049692,NA,0.07979717546577174,0.0961538461538462,NA
Gregoire,3,NA,0.053275269178941674,0.0319905213270142,0.05112886189595985,NA,0.0242718446601942,NA,0.0872589942357383,NA,0.08779702830476993,0.0528846153846154,0.133333333333333
Gregx,1sg,NA,NA,NA,NA,NA,NA,NA,NA,NA,NA,NA,0.156862745098039
Gregx,2sg,NA,NA,NA,NA,NA,NA,NA,NA,NA,NA,NA,0.0588235294117647
Gregx,3sg,NA,NA,NA,NA,NA,NA,NA,NA,NA,NA,NA,0.00980392156862745
Gregx,on,NA,NA,NA,NA,NA,NA,NA,NA,NA,NA,NA,0.0196078431372549
Gregx,y,NA,NA,NA,NA,NA,NA,NA,NA,NA,NA,NA,NA
Gregx,1pl,NA,NA,NA,NA,NA,NA,NA,NA,NA,NA,NA,NA
Gregx,2pl,NA,NA,NA,NA,NA,NA,NA,NA,NA,NA,NA,NA
Gregx,3pl,NA,NA,NA,NA,NA,NA,NA,NA,NA,NA,NA,0.00980392156862745
Gregx,2,NA,NA,NA,NA,NA,NA,NA,NA,NA,NA,NA,0.0588235294117647
Gregx,3,NA,NA,NA,NA,NA,NA,NA,NA,NA,NA,NA,0.0196078431372549
Marie,1sg,0.001691620428183375,0.00829430696620798,0.005237509806362962,0.007183061350976693,0.008575706622806909,0.01942389082358606,0.01672059239668876,0.02018677655702311,NA,0.03136025950098218,0.025745953865405336,0.016923697840826993
Marie,2sg,0.030168757271035043,0.03334334798135909,0.05713895330494971,0.04611277798811434,0.06775093926716481,0.05641152542993957,0.0479369372803873,0.0653962279140917,NA,0.05737903875047328,0.06882568898638894,0.0474028964152424
Marie,3sg,0.008593046554404005,0.0246038593275697,0.013125351093984553,0.014154399712137949,0.01223406583812606,0.015057540434467814,0.01216242239608787,0.01534160934859823,NA,0.03077604388736311,0.02480231222828975,0.027199743066350385
Marie,on,NA,0.00193423597678917,0.00325739339143161,0.003066794234873775,0.002528508069164345,0.00340123691665797,0.0046658492591667685,0.009221748814540616,NA,0.006228157978365762,0.015316546298429998,0.009360806469480445
Marie,y,0.0021176018103594802,0.0012491687322411,0.00232952749159051,0.0020785225923891752,0.002379126505604504,0.002555056672861303,0.003695701397309623,0.00399680255795364,NA,0.00223024986084896,0.003919772062050188,0.00188323917137476
Marie,1pl,NA,0.00272479564032698,NA,0.0026246719160105,NA,0.00193423597678917,NA,NA,NA,0.0018672502098529553,0.00232962418992142,NA
Marie,2pl,0.00166666666666667,NA,NA,0.00334448160535117,NA,NA,NA,0.00158982511923688,NA,NA,NA,NA
Marie,3pl,0.01214514409242855,0.006510983870265516,0.0058793315211850905,0.009135950619675022,0.00564734652582784,0.007525606608343011,0.01237845982298587,0.014382633094025953,NA,0.022106651771174785,0.024023428655552913,0.0265050100289407
Marie,2,0.030406852509130285,0.03334334798135909,0.05713895330494971,0.046391484788560276,0.06775093926716481,0.05641152542993957,0.0479369372803873,0.06566119876729785,NA,0.05737903875047328,0.06882568898638894,0.0474028964152424
Marie,3,0.0166898092826897,0.01635252760129341,0.019004682615169643,0.02058815858585563,0.01453524811927835,0.022583147042810815,0.02341556768971141,0.027167307551191122,NA,0.05288269565853786,0.048825740883842686,0.04690481732870353
Clara,1sg,NA,NA,NA,0.0114503816793893,NA,0.00359712230215827,0.0128205128205128,0.011782770324874719,NA,0.01197298307936806,0.0217085991733879,0.0347222222222222
Clara,2sg,NA,0.0398110661268556,0.0468479774713418,0.02817552510549525,0.0252100840336134,0.039568345323741,0.017123757755449404,0.027372593710705603,NA,0.048090586145648304,0.0445909072669636,0.0607638888888889
Clara,3sg,NA,NA,0.005655121749644165,0.0031055900621118,0.00840336134453781,0.0143884892086331,0.0107066381156317,0.0041902375949571646,NA,0.00483546788819295,0.008045423538381285,NA
Clara,on,NA,NA,NA,NA,NA,NA,NA,NA,NA,NA,NA,NA
Clara,y,NA,NA,NA,NA,NA,NA,NA,NA,NA,NA,NA,NA
Clara,1pl,NA,NA,NA,NA,0.00280112044817927,NA,NA,NA,NA,NA,NA,NA
Clara,2pl,NA,NA,NA,NA,NA,NA,NA,NA,NA,NA,0.00234741784037559,NA
Clara,3pl,NA,0.0131578947368421,0.0136518771331058,0.015527950310559,0.0112044817927171,0.0215827338129496,0.0277960797232746,0.015264053752217838,NA,0.0383214920071048,0.016090847076762574,0.0451388888888889
Clara,2,NA,0.0398110661268556,0.0468479774713418,0.02817552510549525,0.0252100840336134,0.039568345323741,0.017123757755449404,0.027372593710705603,NA,0.048090586145648304,0.0457646161871514,0.0607638888888889
Clara,3,NA,0.0131578947368421,0.012481060316197064,0.0186335403726708,0.0196078431372549,0.0359712230215827,0.03314939878109045,0.018057545482189307,NA,0.04315695989529775,0.02413627061514385,0.0451388888888889
Theo,1sg,NA,NA,NA,NA,NA,NA,NA,NA,NA,NA,0.00181488203266788,NA
Theo,2sg,NA,NA,0.0714285714285714,0.0625,0.0447761194029851,0.0196078431372549,0.05012048192771085,0.020993211334120417,0.0297560975609756,0.05056567593480345,0.0337319317899159,0.021146361839558234
Theo,3sg,NA,NA,NA,NA,NA,NA,NA,NA,0.0048780487804878,0.00671140939597315,0.00181488203266788,0.0024390243902439
Theo,on,NA,NA,NA,NA,NA,NA,NA,NA,NA,NA,NA,NA
Theo,y,NA,NA,NA,NA,NA,NA,NA,NA,NA,NA,NA,NA
Theo,1pl,NA,NA,NA,NA,NA,NA,NA,NA,NA,NA,NA,NA
Theo,2pl,NA,NA,NA,NA,NA,NA,NA,NA,NA,NA,NA,NA
Theo,3pl,NA,NA,NA,NA,NA,NA,NA,NA,0.024390243902439,0.0285714285714286,0.005621988631652645,0.02040534941690267
Theo,2,NA,NA,0.0714285714285714,0.0625,0.0447761194029851,0.0196078431372549,0.05012048192771085,0.020993211334120417,0.0297560975609756,0.05056567593480345,0.0337319317899159,0.021146361839558234
Theo,3,NA,NA,NA,NA,NA,NA,NA,NA,0.0292682926829268,0.017641418983700873,0.006529429647986585,0.02121835754698397
Camille,1sg,NA,NA,NA,NA,NA,NA,NA,NA,NA,NA,NA,NA
Camille,2sg,NA,NA,0.015625,NA,NA,NA,NA,NA,NA,NA,NA,NA
Camille,3sg,NA,NA,NA,NA,NA,NA,NA,NA,NA,NA,NA,NA
Camille,on,NA,NA,NA,NA,NA,NA,NA,NA,NA,NA,NA,NA
Camille,y,NA,NA,NA,NA,NA,NA,NA,NA,NA,NA,NA,NA
Camille,1pl,NA,NA,NA,NA,NA,NA,NA,NA,NA,NA,NA,NA
Camille,2pl,NA,NA,NA,NA,NA,NA,NA,NA,NA,NA,NA,NA
Camille,3pl,NA,NA,NA,NA,NA,NA,NA,NA,NA,NA,NA,NA
Camille,2,NA,NA,0.015625,NA,NA,NA,NA,NA,NA,NA,NA,NA
Camille,3,NA,NA,NA,NA,NA,NA,NA,NA,NA,NA,NA,NA
Pierre,1sg,NA,NA,NA,NA,NA,NA,NA,NA,NA,NA,NA,NA
Pierre,2sg,NA,0.0285714285714286,0.0192307692307692,NA,NA,NA,NA,NA,NA,NA,NA,NA
Pierre,3sg,NA,NA,NA,NA,0.00632911392405063,NA,NA,NA,NA,NA,NA,NA
Pierre,on,NA,NA,NA,NA,NA,NA,NA,NA,NA,NA,NA,NA
Pierre,y,NA,NA,NA,NA,NA,NA,NA,NA,NA,NA,NA,NA
Pierre,1pl,NA,NA,NA,NA,NA,NA,NA,NA,NA,NA,NA,NA
Pierre,2pl,NA,NA,NA,NA,NA,NA,NA,NA,NA,NA,NA,NA
Pierre,3pl,NA,NA,NA,NA,NA,NA,NA,NA,NA,NA,NA,NA
Pierre,2,NA,0.0285714285714286,0.0192307692307692,NA,NA,NA,NA,NA,NA,NA,NA,NA
Pierre,3,NA,NA,NA,NA,0.00632911392405063,NA,NA,NA,NA,NA,NA,NA
Philippe,1sg,NA,NA,NA,NA,NA,0.011651671422000999,0.018012797078814025,0.03391145593393695,NA,NA,0.05961215638316456,0.040222236380301
Philippe,2sg,NA,NA,NA,NA,NA,0.09174021832479265,0.08324271986933304,0.08979277572285722,NA,NA,0.06243021321524333,0.08226185656708994
Philippe,3sg,NA,NA,NA,NA,NA,0.048204996967711244,0.034216747665395925,0.0448667238632949,NA,NA,0.061387304312158664,0.0614653840087706
Philippe,on,NA,NA,NA,NA,NA,0.01086612546756266,0.004564029627431678,0.005631405333653437,NA,NA,0.014000400047600609,0.010513106408413101
Philippe,y,NA,NA,NA,NA,NA,0.0032592016736605997,0.009834733287938107,0.0113133769090836,NA,NA,0.008290606730421087,0.009002864055423646
Philippe,1pl,NA,NA,NA,NA,NA,NA,0.0008841775627421026,NA,NA,NA,NA,NA
Philippe,2pl,NA,NA,NA,NA,NA,NA,NA,NA,NA,NA,0.00118343195266272,NA
Philippe,3pl,NA,NA,NA,NA,NA,0.012650393383505185,0.010744820728189816,0.015427141909307223,NA,NA,0.028428699111033434,0.027706751981303204
Philippe,2,NA,NA,NA,NA,NA,0.09174021832479265,0.08324271986933304,0.08979277572285722,NA,NA,0.06282469053279756,0.08226185656708994
Philippe,3,NA,NA,NA,NA,NA,0.06085539035121634,0.04496156839358577,0.06029386577260215,NA,NA,0.08981600342319217,0.0891721359900738
Anais,1sg,NA,NA,0.008404994688417136,0.007456198173284703,0.00607320081863803,NA,0.023234708022872967,0.010633158969753878,0.007886507225989742,0.01340068730344531,0.0323790391545331,0.03438570668315135
Anais,2sg,0.0140961673912963,0.013142683874391176,0.0349008517894497,0.03226162030179172,0.03862072107432225,NA,0.05582221452088025,0.04128258130215077,0.041539416319498874,0.024619357068748807,0.062489516520936234,0.02619487986081075
Anais,3sg,0.00514800514800515,NA,0.00939406518484974,0.00410979668954125,0.0165094339622642,NA,0.013695633339109343,0.01638086853351041,0.005453426944735397,0.0188812617111128,0.04412609732847253,0.0205063556179824
Anais,on,NA,NA,NA,NA,NA,NA,NA,0.000466200466200466,NA,0.0007994145404416654,0.00114876507754164,0.001946754640367615
Anais,y,NA,NA,0.009575163398692809,0.0058437073929176,0.00517693935910735,NA,0.00192124415179345,0.002961791415803159,0.0012833583684584348,0.0015949203820191478,0.00937437201736034,0.002445283357491205
Anais,1pl,NA,NA,NA,NA,0.00297176820208024,NA,NA,NA,NA,NA,NA,0.00144822592324403
Anais,2pl,NA,NA,NA,NA,NA,NA,NA,NA,NA,NA,NA,NA
Anais,3pl,0.00128700128700129,NA,0.005201132266182448,0.007544919320458904,0.00235849056603774,NA,0.029139230635938297,0.011150569369747468,0.012686119238658327,0.0072282871787221715,0.021705446264323344,0.005137026849510383
Anais,2,0.0140961673912963,0.013142683874391176,0.0349008517894497,0.03226162030179172,0.03862072107432225,NA,0.05582221452088025,0.04128258130215077,0.041539416319498874,0.024619357068748807,0.062489516520936234,0.02619487986081075
Anais,3,0.00643500643500643,NA,0.009898164858607308,0.010627266837614857,0.0188679245283019,NA,0.042834863975047655,0.027531437903257863,0.018139546183393744,0.026109548889835004,0.06583154359279586,0.0256433824674928
Marilyn,1sg,NA,NA,NA,NA,NA,NA,NA,NA,0.0196759259259259,0.0029891709535525253,NA,0.009636055197582235
Marilyn,2sg,NA,NA,0.02653355320824235,NA,NA,NA,NA,NA,0.04094145569620255,0.0195099903079102,NA,0.0287513542795233
Marilyn,3sg,NA,NA,0.007851614149247524,NA,NA,NA,NA,NA,0.00115740740740741,0.00122549019607843,NA,0.002283030164794435
Marilyn,on,NA,NA,NA,NA,NA,NA,NA,NA,NA,NA,NA,NA
Marilyn,y,NA,NA,NA,NA,NA,NA,NA,NA,NA,NA,NA,NA
Marilyn,1pl,NA,NA,NA,NA,NA,NA,NA,NA,0.00115740740740741,NA,NA,NA
Marilyn,2pl,NA,NA,NA,NA,NA,NA,NA,NA,NA,NA,NA,NA
Marilyn,3pl,NA,NA,NA,NA,NA,NA,NA,NA,0.020950539146741675,0.0135945537910982,NA,0.012730940297656385
Marilyn,2,NA,NA,0.02653355320824235,NA,NA,NA,NA,NA,0.04094145569620255,0.0195099903079102,NA,0.0287513542795233
Marilyn,3,NA,NA,0.007851614149247524,NA,NA,NA,NA,NA,0.021529242850445374,0.0142072988891374,NA,0.01501397046245085
Nathan,1sg,0.00241545893719807,NA,NA,0.0026525198938992,0.00467799732505615,NA,0.00819246528087992,0.0236305048335124,0.005916904666789387,NA,0.009232777249948754,0.027191580074479388
Nathan,2sg,0.029151595679240153,0.014482902854752702,0.01658455931974628,0.0170343995100048,0.0243803516256324,NA,0.03493357123123835,0.03007956615140335,0.03790454111505364,0.027873222774171025,0.03373232023952113,0.05852768480211523
Nathan,3sg,0.0072463768115942,0.0080082958625257,0.00403225806451613,0.00410959569938465,0.0231660231660232,NA,0.00385960194302371,0.00432856208845094,0.00914219091094355,0.01463459999323645,0.006939373146129993,0.004482436899912802
Nathan,on,NA,NA,NA,NA,NA,NA,NA,NA,NA,0.00311526479750779,0.00208333333333333,0.00911444793717691
Nathan,y,NA,NA,NA,0.008352856545703776,0.010369523918286291,NA,0.00444133016416514,NA,0.0026622203267236966,0.00149925037481259,0.0028937061048082153,0.00354260423760156
Nathan,1pl,NA,0.00381679389312977,NA,NA,NA,NA,NA,NA,NA,NA,NA,NA
Nathan,2pl,NA,NA,NA,NA,NA,NA,NA,0.00322234156820623,NA,0.00311526479750779,NA,NA
Nathan,3pl,0.00205662590323401,0.006474606992226985,0.00814043730597922,0.00518134715025907,0.003884379351907403,NA,0.008190681751100671,0.007266321860552015,0.0150753768844221,0.015506124895143917,0.0313333870522631,0.01579983119588357
Nathan,2,0.029151595679240153,0.014482902854752702,0.01658455931974628,0.0170343995100048,0.0243803516256324,NA,0.03493357123123835,0.03169073693550645,0.03790454111505364,0.028652038973547952,0.03373232023952113,0.05852768480211523
Nathan,3,0.00567981430903111,0.014482902854752702,0.010156566338237269,0.006700269274514185,0.011606387073915118,NA,0.00903771277059328,0.011594883949002939,0.014167316539084249,0.02282342489176214,0.036537916911860605,0.02028226809579639
Tim,1sg,0.00243984569305205,0.0034442872207957036,0.022079099735127054,0.0165214317736492,0.0192250185272665,0.013424955279001321,NA,0.012012652425055387,0.023821380842878426,0.00772011280177108,0.019458678884223563,0.04295279246709913
Tim,2sg,0.0722693518753729,0.04863546614763644,0.04317562062665598,0.06672738725548616,0.03665365062992705,0.043740983669622396,NA,0.03984274341253818,0.0488987056020633,0.04782450275854797,0.05542495787785937,0.0577391284618241
Tim,3sg,0.020845025491366,0.010716424482754767,0.020700596918996745,0.025910423755126602,0.010215638602011214,0.02049375829502395,NA,0.016906111966878752,0.027171020972018387,0.02330613586580925,0.030310707938823952,0.047513185653845
Tim,on,0.0066815144766147,0.00101112234580384,NA,0.000856898029134533,0.00120048019207683,0.00282752120640905,NA,0.0061125908281685175,0.008854611661514938,0.006321731032786312,0.004989589785057173,0.00682401658550902
Tim,y,NA,NA,0.0022015954475631885,0.00270445773433567,0.00120336943441637,0.00102040816326531,NA,0.0010654975735803855,0.0017243503496612899,0.001488854529055534,0.00240825870258763,0.004579566490088805
Tim,1pl,NA,NA,NA,NA,NA,NA,NA,0.0011620028990987576,0.0046108160327915,NA,0.0022794161577485853,0.00196850393700787
Tim,2pl,NA,NA,NA,NA,NA,0.00102040816326531,NA,NA,NA,NA,0.002088361069830115,NA
Tim,3pl,0.00397877984084881,0.003952746622109615,0.007157504092514774,0.0143791867008129,0.007212993500649355,0.01177749139240995,NA,0.013037988146693833,0.009594587685653468,0.009026826049439102,0.00926308325234609,0.0260921003372039
Tim,2,0.0722693518753729,0.04863546614763644,0.04317562062665598,0.06672738725548616,0.03665365062992705,0.04425118775125505,NA,0.03984274341253818,0.0488987056020633,0.04782450275854797,0.05646913841277442,0.0577391284618241
Tim,3,0.0228344154117904,0.013351588897494522,0.027858101011511517,0.0402896104559395,0.01742863210266055,0.0322712496874339,NA,0.02994410011357255,0.0367656086576719,0.03007625540288855,0.03957379119117002,0.07360528599104887
Adele,1sg,NA,NA,NA,NA,NA,NA,NA,NA,NA,NA,NA,NA
Adele,2sg,NA,NA,NA,NA,NA,NA,NA,NA,NA,NA,NA,NA
Adele,3sg,NA,NA,NA,NA,NA,NA,NA,NA,NA,NA,NA,NA
Adele,on,NA,NA,NA,NA,NA,NA,NA,NA,NA,NA,NA,NA
Adele,y,NA,NA,NA,NA,NA,NA,NA,NA,NA,NA,NA,NA
Adele,1pl,NA,NA,NA,NA,NA,NA,NA,NA,NA,NA,NA,NA
Adele,2pl,NA,NA,NA,NA,NA,NA,NA,NA,NA,NA,NA,NA
Adele,3pl,NA,NA,NA,NA,NA,NA,NA,NA,NA,NA,NA,NA
Adele,2,NA,NA,NA,NA,NA,NA,NA,NA,NA,NA,NA,NA
Adele,3,NA,NA,NA,NA,NA,NA,NA,NA,NA,NA,NA,NA
Adrien,1sg,NA,0.0294117647058824,NA,0.00246913580246914,NA,NA,0.00105485232067511,0.00760456273764259,0.00513196480938416,0.00177304964539007,0.036319612590799,0.000749063670411985
Adrien,2sg,NA,0.352941176470588,NA,0.204938271604938,0.0873362445414847,0.0401836969001148,0.0582202226628031,0.09621085443049221,0.0249266862170088,0.0656028368794326,0.0581113801452785,0.0726591760299626
Adrien,3sg,NA,NA,NA,0.0123456790123457,NA,NA,0.00602409638554217,0.025147955253077146,0.0161290322580645,0.0124113475177305,0.104116222760291,0.00823970037453184
Adrien,on,NA,NA,NA,NA,NA,NA,NA,NA,NA,NA,0.00484261501210654,NA
Adrien,y,NA,NA,NA,NA,NA,NA,NA,0.0570342205323194,NA,NA,0.00726392251815981,NA
Adrien,1pl,NA,NA,NA,NA,NA,NA,NA,NA,NA,NA,NA,NA
Adrien,2pl,NA,NA,NA,NA,NA,NA,NA,0.000933706816059757,NA,NA,NA,NA
Adrien,3pl,NA,NA,NA,NA,NA,0.0034443168771527,0.00949367088607595,0.0140056022408964,0.0241935483870968,0.0809692671394799,0.00484261501210654,0.0561797752808989
Adrien,2,NA,0.352941176470588,NA,0.204938271604938,0.0873362445414847,0.0401836969001148,0.0582202226628031,0.0966777078385222,0.0249266862170088,0.0656028368794326,0.0581113801452785,0.0726591760299626
Adrien,3,NA,NA,NA,0.0123456790123457,NA,0.0034443168771527,0.007758883635809059,0.0321507563735253,0.0403225806451613,0.0933806146572104,0.108958837772397,0.0644194756554307
Alexandra,1sg,NA,NA,NA,NA,NA,NA,NA,NA,NA,NA,NA,NA
Alexandra,2sg,NA,NA,NA,NA,0.0625,NA,NA,0.10752688172043,NA,NA,NA,NA
Alexandra,3sg,NA,NA,NA,NA,NA,NA,NA,0.0752688172043011,NA,NA,NA,NA
Alexandra,on,NA,NA,NA,NA,NA,NA,NA,NA,NA,NA,NA,NA
Alexandra,y,NA,NA,NA,NA,NA,NA,NA,NA,NA,NA,NA,NA
Alexandra,1pl,NA,NA,NA,NA,NA,NA,NA,NA,NA,NA,NA,NA
Alexandra,2pl,NA,NA,NA,NA,NA,NA,NA,NA,NA,NA,NA,NA
Alexandra,3pl,NA,NA,NA,NA,0.0625,NA,NA,NA,NA,NA,NA,NA
Alexandra,2,NA,NA,NA,NA,0.0625,NA,NA,0.10752688172043,NA,NA,NA,NA
Alexandra,3,NA,NA,NA,NA,0.0625,NA,NA,0.0752688172043011,NA,NA,NA,NA
Alexandre,1sg,NA,NA,NA,NA,0.0129032258064516,NA,NA,0.00817438692098093,NA,NA,NA,NA
Alexandre,2sg,NA,NA,NA,NA,0.129032258064516,NA,NA,0.125340599455041,NA,NA,NA,NA
Alexandre,3sg,NA,NA,NA,NA,0.0129032258064516,NA,NA,0.102179836512262,NA,NA,NA,NA
Alexandre,on,NA,NA,NA,NA,NA,NA,NA,0.0177111716621253,NA,NA,NA,NA
Alexandre,y,NA,NA,NA,NA,0.0193548387096774,NA,NA,0.00817438692098093,NA,NA,NA,NA
Alexandre,1pl,NA,NA,NA,NA,NA,NA,NA,NA,NA,NA,NA,NA
Alexandre,2pl,NA,NA,NA,NA,NA,NA,NA,NA,NA,NA,NA,NA
Alexandre,3pl,NA,NA,NA,NA,0.0258064516129032,NA,NA,0.0136239782016349,NA,NA,NA,NA
Alexandre,2,NA,NA,NA,NA,0.129032258064516,NA,NA,0.125340599455041,NA,NA,NA,NA
Alexandre,3,NA,NA,NA,NA,0.0387096774193548,NA,NA,0.115803814713896,NA,NA,NA,NA
Amine,1sg,NA,NA,NA,NA,NA,NA,NA,NA,NA,NA,NA,NA
Amine,2sg,NA,NA,NA,NA,NA,NA,NA,NA,NA,NA,NA,NA
Amine,3sg,NA,NA,NA,NA,NA,NA,NA,NA,NA,NA,NA,NA
Amine,on,NA,NA,NA,NA,NA,NA,NA,NA,NA,NA,NA,NA
Amine,y,NA,NA,NA,NA,NA,NA,NA,NA,NA,NA,NA,NA
Amine,1pl,NA,NA,NA,NA,NA,NA,NA,NA,NA,NA,NA,NA
Amine,2pl,NA,NA,NA,NA,NA,NA,NA,NA,NA,NA,NA,NA
Amine,3pl,NA,NA,NA,NA,NA,NA,NA,NA,NA,NA,NA,NA
Amine,2,NA,NA,NA,NA,NA,NA,NA,NA,NA,NA,NA,NA
Amine,3,NA,NA,NA,NA,NA,NA,NA,NA,NA,NA,NA,NA
AnaпsAG,1sg,NA,NA,NA,NA,NA,NA,NA,NA,NA,NA,NA,NA
AnaпsAG,2sg,NA,NA,NA,NA,NA,NA,NA,NA,NA,NA,NA,NA
AnaпsAG,3sg,NA,NA,NA,NA,NA,NA,NA,NA,NA,NA,NA,NA
AnaпsAG,on,NA,NA,NA,NA,NA,NA,NA,NA,NA,NA,NA,NA
AnaпsAG,y,NA,NA,NA,NA,NA,NA,NA,NA,NA,NA,NA,NA
AnaпsAG,1pl,NA,NA,NA,NA,NA,NA,NA,NA,NA,NA,NA,NA
AnaпsAG,2pl,NA,NA,NA,NA,NA,NA,NA,NA,NA,NA,NA,NA
AnaпsAG,3pl,NA,NA,NA,NA,NA,NA,NA,NA,NA,NA,NA,NA
AnaпsAG,2,NA,NA,NA,NA,NA,NA,NA,NA,NA,NA,NA,NA
AnaпsAG,3,NA,NA,NA,NA,NA,NA,NA,NA,NA,NA,NA,NA
AnastasiaF,1sg,NA,NA,NA,NA,NA,NA,NA,NA,NA,NA,0.0512820512820513,NA
AnastasiaF,2sg,NA,NA,NA,NA,NA,NA,NA,NA,NA,NA,0.112820512820513,NA
AnastasiaF,3sg,NA,NA,NA,NA,NA,NA,NA,NA,NA,NA,0.0897435897435897,NA
AnastasiaF,on,NA,NA,NA,NA,NA,NA,NA,NA,NA,NA,0.00256410256410256,NA
AnastasiaF,y,NA,NA,NA,NA,NA,NA,NA,NA,NA,NA,0.00256410256410256,NA
AnastasiaF,1pl,NA,NA,NA,NA,NA,NA,NA,NA,NA,NA,NA,NA
AnastasiaF,2pl,NA,NA,NA,NA,NA,NA,NA,NA,NA,NA,NA,NA
AnastasiaF,3pl,NA,NA,NA,NA,NA,NA,NA,NA,NA,NA,0.0102564102564103,NA
AnastasiaF,2,NA,NA,NA,NA,NA,NA,NA,NA,NA,NA,0.112820512820513,NA
AnastasiaF,3,NA,NA,NA,NA,NA,NA,NA,NA,NA,NA,0.1,NA
AnnabelleCF,1sg,NA,NA,NA,NA,NA,NA,NA,NA,NA,NA,NA,NA
AnnabelleCF,2sg,NA,NA,NA,NA,NA,NA,NA,NA,NA,NA,NA,NA
AnnabelleCF,3sg,NA,NA,NA,NA,NA,NA,NA,NA,NA,NA,NA,NA
AnnabelleCF,on,NA,NA,NA,NA,NA,NA,NA,NA,NA,NA,NA,NA
AnnabelleCF,y,NA,NA,NA,NA,NA,NA,NA,NA,NA,NA,NA,NA
AnnabelleCF,1pl,NA,NA,NA,NA,NA,NA,NA,NA,NA,NA,NA,NA
AnnabelleCF,2pl,NA,NA,NA,NA,NA,NA,NA,NA,NA,NA,NA,NA
AnnabelleCF,3pl,NA,NA,NA,NA,NA,NA,NA,NA,NA,NA,NA,NA
AnnabelleCF,2,NA,NA,NA,NA,NA,NA,NA,NA,NA,NA,NA,NA
AnnabelleCF,3,NA,NA,NA,NA,NA,NA,NA,NA,NA,NA,NA,NA
AnneGF,1sg,NA,NA,NA,NA,NA,NA,NA,NA,NA,NA,NA,NA
AnneGF,2sg,NA,NA,NA,NA,0.12962962962963,NA,NA,NA,NA,NA,NA,NA
AnneGF,3sg,NA,NA,NA,NA,0.0648148148148148,NA,NA,NA,NA,NA,NA,NA
AnneGF,on,NA,NA,NA,NA,NA,NA,NA,NA,NA,NA,NA,NA
AnneGF,y,NA,NA,NA,NA,0.00925925925925926,NA,NA,NA,NA,NA,NA,NA
AnneGF,1pl,NA,NA,NA,NA,NA,NA,NA,NA,NA,NA,NA,NA
AnneGF,2pl,NA,NA,NA,NA,NA,NA,NA,NA,NA,NA,NA,NA
AnneGF,3pl,NA,NA,NA,NA,NA,NA,NA,NA,NA,NA,NA,NA
AnneGF,2,NA,NA,NA,NA,0.12962962962963,NA,NA,NA,NA,NA,NA,NA
AnneGF,3,NA,NA,NA,NA,0.0648148148148148,NA,NA,NA,NA,NA,NA,NA
Anne,1sg,NA,NA,0.001602077900797905,0.00107758620689655,0.01145823295256592,0.00951557093425606,0.0206927338027312,0.00966183574879227,0.02862680472207535,0.0283415759914015,0.02642919598617645,NA
Anne,2sg,NA,NA,0.1048775367300199,0.0360024314765694,0.042085794978614255,0.0389273356401384,0.0576750603656433,0.06583995154125726,0.04682949327860865,0.02428638709426645,0.05029041928633885,NA
Anne,3sg,NA,NA,0.0251122350618877,0.014519783377542006,0.0246658710332609,0.0103806228373702,0.018686971166528,0.09472450307354086,0.061648165998155105,0.058326561125690096,0.07210101178332015,NA
Anne,on,NA,NA,0.00202259934739168,0.002680150309460655,0.0159744408945687,0.000865051903114187,0.00112107623318386,0.0021518523503985853,0.0021749945586269103,0.0009681469703146776,0.00254715409917975,NA
Anne,y,NA,NA,0.003124147916018605,0.00646551724137931,0.00958466453674121,0.00259515570934256,0.00112107623318386,NA,0.0027497072023050704,0.01376422954574835,0.00136986301369863,NA
Anne,1pl,NA,NA,NA,NA,0.00696055684454756,NA,NA,NA,NA,NA,NA,NA
Anne,2pl,NA,NA,NA,NA,0.00116009280742459,NA,NA,NA,NA,NA,NA,NA
Anne,3pl,NA,NA,0.006568327374346,0.005650419982316535,0.00116009280742459,0.0458477508650519,0.0071114786031694355,0.03743961352657,0.009680980069027706,0.0329445679361656,0.022624599242203447,NA
Anne,2,NA,NA,0.1048775367300199,0.0360024314765694,0.042665841382326555,0.0389273356401384,0.0576750603656433,0.06583995154125726,0.04682949327860865,0.02428638709426645,0.05029041928633885,NA
Anne,3,NA,NA,0.0316805624362337,0.020170203359858557,0.0252459174369732,0.0562283737024221,0.02579844976969745,0.11344430983682591,0.0713291460671828,0.09127112906185555,0.09472561102552354,NA
Antoine,1sg,0.000721500721500722,0.000843170320404722,0.00111111111111111,0.00368763918474051,0.008357007575757601,0.003879030149064145,0.005634464042973824,0.009885247223425594,0.007768439604377105,0.00318302387267905,0.00347523892267593,0.0119047619047619
Antoine,2sg,0.0757575757575758,0.07116166816729425,0.0511111111111111,0.06480940767815645,0.046946022727272746,0.06801864235812755,0.0738218949206109,0.062077311363774076,0.108264941077441,0.096551724137931,0.08870348891054805,0.0577601410934744
Antoine,3sg,0.0108225108225108,0.0127151245023471,0.00555555555555556,0.00971570003872965,0.0074534406565656556,0.01662532222512795,0.023617291397694102,0.0378486356840265,0.02332438973063975,0.0175066312997347,0.0215835270146904,0.0246913580246914
Antoine,on,NA,NA,NA,NA,0.0029000946969696953,0.0013262599469496,0.00106609808102345,0.002964061259947233,0.00162300084175084,0.00159151193633952,0.00434404865334492,0.00440917107583774
Antoine,y,NA,NA,NA,0.000774593338497289,NA,0.0026525198938992,0.0012852450658514885,0.00411919803308958,0.00479469170875421,NA,0.011455498859962875,0.000881834215167548
Antoine,1pl,NA,0.001404869329327236,0.00222222222222222,NA,NA,NA,NA,0.00148001973359645,NA,NA,NA,NA
Antoine,2pl,NA,NA,NA,NA,0.00126262626262626,NA,NA,0.00138504155124654,NA,0.00106100795755968,NA,NA
Antoine,3pl,0.00216450216450216,0.012223482417784651,0.01,0.0064153575232378,0.01081912878787879,0.01347405387230545,0.011722011737377165,0.01141736829805931,0.01621356797138045,0.0196286472148541,0.0099229537766762,0.0158730158730159
Antoine,2,0.0757575757575758,0.07116166816729425,0.0511111111111111,0.06480940767815645,0.047577335858585854,0.06801864235812755,0.0738218949206109,0.06242357175158573,0.108264941077441,0.0976127320954907,0.08870348891054805,0.0577601410934744
Antoine,3,0.012987012987013,0.0249386069201318,0.0155555555555556,0.01613105756196745,0.01827256944444445,0.0300993760974334,0.03533930313507123,0.04355731983305615,0.039537957702020204,0.0371352785145889,0.0315064807913666,0.0405643738977072
ArianeFF,1sg,NA,NA,NA,NA,NA,NA,NA,NA,NA,NA,0.0142045454545455,NA
ArianeFF,2sg,NA,NA,NA,NA,NA,NA,NA,NA,NA,NA,0.0426136363636364,NA
ArianeFF,3sg,NA,NA,NA,NA,NA,NA,NA,NA,NA,NA,0.0795454545454545,NA
ArianeFF,on,NA,NA,NA,NA,NA,NA,NA,NA,NA,NA,0.00568181818181818,NA
ArianeFF,y,NA,NA,NA,NA,NA,NA,NA,NA,NA,NA,0.00568181818181818,NA
ArianeFF,1pl,NA,NA,NA,NA,NA,NA,NA,NA,NA,NA,NA,NA
ArianeFF,2pl,NA,NA,NA,NA,NA,NA,NA,NA,NA,NA,NA,NA
ArianeFF,3pl,NA,NA,NA,NA,NA,NA,NA,NA,NA,NA,0.0113636363636364,NA
ArianeFF,2,NA,NA,NA,NA,NA,NA,NA,NA,NA,NA,0.0426136363636364,NA
ArianeFF,3,NA,NA,NA,NA,NA,NA,NA,NA,NA,NA,0.0909090909090909,NA
ArnaudLG,1sg,NA,NA,NA,NA,NA,NA,NA,NA,NA,NA,NA,NA
ArnaudLG,2sg,NA,NA,NA,NA,0.0615384615384615,NA,NA,NA,NA,NA,NA,NA
ArnaudLG,3sg,NA,NA,NA,NA,0.0769230769230769,NA,NA,NA,NA,NA,NA,NA
ArnaudLG,on,NA,NA,NA,NA,NA,NA,NA,NA,NA,NA,NA,NA
ArnaudLG,y,NA,NA,NA,NA,0.0230769230769231,NA,NA,NA,NA,NA,NA,NA
ArnaudLG,1pl,NA,NA,NA,NA,NA,NA,NA,NA,NA,NA,NA,NA
ArnaudLG,2pl,NA,NA,NA,NA,NA,NA,NA,NA,NA,NA,NA,NA
ArnaudLG,3pl,NA,NA,NA,NA,NA,NA,NA,NA,NA,NA,NA,NA
ArnaudLG,2,NA,NA,NA,NA,0.0615384615384615,NA,NA,NA,NA,NA,NA,NA
ArnaudLG,3,NA,NA,NA,NA,0.0769230769230769,NA,NA,NA,NA,NA,NA,NA
AudreyGF,1sg,NA,NA,NA,NA,NA,NA,NA,NA,NA,NA,NA,NA
AudreyGF,2sg,NA,NA,NA,NA,NA,NA,NA,NA,NA,NA,NA,NA
AudreyGF,3sg,NA,NA,NA,NA,NA,NA,NA,NA,NA,NA,NA,NA
AudreyGF,on,NA,NA,NA,NA,NA,NA,NA,NA,NA,NA,NA,NA
AudreyGF,y,NA,NA,NA,NA,NA,NA,NA,NA,NA,NA,NA,NA
AudreyGF,1pl,NA,NA,NA,NA,NA,NA,NA,NA,NA,NA,NA,NA
AudreyGF,2pl,NA,NA,NA,NA,NA,NA,NA,NA,NA,NA,NA,NA
AudreyGF,3pl,NA,NA,NA,NA,NA,NA,NA,NA,NA,NA,NA,NA
AudreyGF,2,NA,NA,NA,NA,NA,NA,NA,NA,NA,NA,NA,NA
AudreyGF,3,NA,NA,NA,NA,NA,NA,NA,NA,NA,NA,NA,NA
AudreyF,1sg,NA,NA,NA,NA,NA,NA,NA,NA,NA,NA,NA,NA
AudreyF,2sg,NA,NA,NA,NA,NA,NA,NA,NA,NA,NA,NA,NA
AudreyF,3sg,NA,NA,NA,NA,NA,NA,NA,NA,NA,NA,NA,NA
AudreyF,on,NA,NA,NA,NA,NA,NA,NA,NA,NA,NA,NA,NA
AudreyF,y,NA,NA,NA,NA,NA,NA,NA,NA,NA,NA,NA,NA
AudreyF,1pl,NA,NA,NA,NA,NA,NA,NA,NA,NA,NA,NA,NA
AudreyF,2pl,NA,NA,NA,NA,NA,NA,NA,NA,NA,NA,NA,NA
AudreyF,3pl,NA,NA,NA,NA,NA,NA,NA,NA,NA,NA,NA,NA
AudreyF,2,NA,NA,NA,NA,NA,NA,NA,NA,NA,NA,NA,NA
AudreyF,3,NA,NA,NA,NA,NA,NA,NA,NA,NA,NA,NA,NA
Aurelie1,1sg,NA,NA,NA,NA,NA,NA,NA,NA,NA,NA,NA,NA
Aurelie1,2sg,NA,NA,NA,NA,NA,NA,NA,NA,NA,NA,NA,NA
Aurelie1,3sg,NA,NA,NA,NA,NA,NA,NA,NA,NA,NA,NA,NA
Aurelie1,on,NA,NA,NA,NA,NA,NA,NA,NA,NA,NA,NA,NA
Aurelie1,y,NA,NA,NA,NA,NA,NA,NA,NA,NA,NA,NA,NA
Aurelie1,1pl,NA,NA,NA,NA,NA,NA,NA,NA,NA,NA,NA,NA
Aurelie1,2pl,NA,NA,NA,NA,NA,NA,NA,NA,NA,NA,NA,NA
Aurelie1,3pl,NA,NA,NA,NA,NA,NA,NA,NA,NA,NA,NA,NA
Aurelie1,2,NA,NA,NA,NA,NA,NA,NA,NA,NA,NA,NA,NA
Aurelie1,3,NA,NA,NA,NA,NA,NA,NA,NA,NA,NA,NA,NA
Aurelie2,1sg,NA,NA,NA,NA,NA,NA,NA,NA,NA,NA,NA,NA
Aurelie2,2sg,NA,NA,NA,NA,NA,NA,NA,NA,NA,NA,NA,NA
Aurelie2,3sg,NA,NA,NA,NA,NA,NA,NA,NA,NA,NA,NA,NA
Aurelie2,on,NA,NA,NA,NA,NA,NA,NA,NA,NA,NA,NA,NA
Aurelie2,y,NA,NA,NA,NA,NA,NA,NA,NA,NA,NA,NA,NA
Aurelie2,1pl,NA,NA,NA,NA,NA,NA,NA,NA,NA,NA,NA,NA
Aurelie2,2pl,NA,NA,NA,NA,NA,NA,NA,NA,NA,NA,NA,NA
Aurelie2,3pl,NA,NA,NA,NA,NA,NA,NA,NA,NA,NA,NA,NA
Aurelie2,2,NA,NA,NA,NA,NA,NA,NA,NA,NA,NA,NA,NA
Aurelie2,3,NA,NA,NA,NA,NA,NA,NA,NA,NA,NA,NA,NA
AureliePF,1sg,NA,NA,NA,NA,NA,NA,NA,NA,NA,NA,NA,NA
AureliePF,2sg,NA,NA,NA,NA,NA,NA,NA,NA,NA,NA,NA,NA
AureliePF,3sg,NA,NA,NA,NA,NA,NA,NA,NA,NA,NA,NA,NA
AureliePF,on,NA,NA,NA,NA,NA,NA,NA,NA,NA,NA,NA,NA
AureliePF,y,NA,NA,NA,NA,NA,NA,NA,NA,NA,NA,NA,NA
AureliePF,1pl,NA,NA,NA,NA,NA,NA,NA,NA,NA,NA,NA,NA
AureliePF,2pl,NA,NA,NA,NA,NA,NA,NA,NA,NA,NA,NA,NA
AureliePF,3pl,NA,NA,NA,NA,NA,NA,NA,NA,NA,NA,NA,NA
AureliePF,2,NA,NA,NA,NA,NA,NA,NA,NA,NA,NA,NA,NA
AureliePF,3,NA,NA,NA,NA,NA,NA,NA,NA,NA,NA,NA,NA
Aurelien,1sg,NA,NA,NA,NA,NA,NA,NA,NA,NA,NA,0.0124223602484472,NA
Aurelien,2sg,NA,NA,NA,NA,NA,NA,NA,0.2375,NA,NA,0.0993788819875776,NA
Aurelien,3sg,NA,NA,NA,NA,NA,NA,NA,NA,NA,NA,0.093167701863354,NA
Aurelien,on,NA,NA,NA,NA,NA,NA,NA,NA,NA,NA,NA,NA
Aurelien,y,NA,NA,NA,NA,NA,NA,NA,NA,NA,NA,NA,NA
Aurelien,1pl,NA,NA,NA,NA,NA,NA,NA,NA,NA,NA,NA,NA
Aurelien,2pl,NA,NA,NA,NA,NA,NA,NA,NA,NA,NA,NA,NA
Aurelien,3pl,NA,NA,NA,NA,NA,NA,NA,NA,NA,NA,0.0186335403726708,NA
Aurelien,2,NA,NA,NA,NA,NA,NA,NA,0.2375,NA,NA,0.0993788819875776,NA
Aurelien,3,NA,NA,NA,NA,NA,NA,NA,NA,NA,NA,0.111801242236025,NA
Axel,1sg,NA,NA,NA,NA,NA,NA,NA,NA,NA,NA,NA,NA
Axel,2sg,NA,NA,NA,NA,NA,NA,NA,NA,NA,NA,NA,NA
Axel,3sg,NA,NA,NA,NA,NA,NA,NA,NA,NA,NA,NA,NA
Axel,on,NA,NA,NA,NA,NA,NA,NA,NA,NA,NA,NA,NA
Axel,y,NA,NA,NA,NA,NA,NA,NA,NA,NA,NA,NA,NA
Axel,1pl,NA,NA,NA,NA,NA,NA,NA,NA,NA,NA,NA,NA
Axel,2pl,NA,NA,NA,NA,NA,NA,NA,NA,NA,NA,NA,NA
Axel,3pl,NA,NA,NA,NA,NA,NA,NA,NA,NA,NA,NA,NA
Axel,2,NA,NA,NA,NA,NA,NA,NA,NA,NA,NA,NA,NA
Axel,3,NA,NA,NA,NA,NA,NA,NA,NA,NA,NA,NA,NA
Benjamin,1sg,NA,NA,NA,NA,NA,NA,NA,NA,NA,NA,NA,NA
Benjamin,2sg,NA,NA,NA,NA,NA,NA,NA,NA,NA,NA,NA,NA
Benjamin,3sg,NA,NA,NA,NA,NA,NA,NA,NA,NA,NA,NA,NA
Benjamin,on,NA,NA,NA,NA,NA,NA,NA,NA,NA,NA,NA,NA
Benjamin,y,NA,NA,NA,NA,NA,NA,NA,NA,NA,NA,NA,NA
Benjamin,1pl,NA,NA,NA,NA,NA,NA,NA,NA,NA,NA,NA,NA
Benjamin,2pl,NA,NA,NA,NA,NA,NA,NA,NA,NA,NA,NA,NA
Benjamin,3pl,NA,NA,NA,NA,NA,NA,NA,NA,NA,NA,NA,NA
Benjamin,2,NA,NA,NA,NA,NA,NA,NA,NA,NA,NA,NA,NA
Benjamin,3,NA,NA,NA,NA,NA,NA,NA,NA,NA,NA,NA,NA
Benoit,1sg,NA,NA,NA,NA,NA,NA,NA,NA,NA,NA,NA,NA
Benoit,2sg,NA,NA,NA,NA,0.0338983050847458,NA,NA,NA,NA,NA,NA,NA
Benoit,3sg,NA,NA,NA,NA,NA,NA,NA,NA,NA,NA,NA,NA
Benoit,on,NA,NA,NA,NA,NA,NA,NA,NA,NA,NA,NA,NA
Benoit,y,NA,NA,NA,NA,NA,NA,NA,NA,NA,NA,NA,NA
Benoit,1pl,NA,NA,NA,NA,NA,NA,NA,NA,NA,NA,NA,NA
Benoit,2pl,NA,NA,NA,NA,NA,NA,NA,NA,NA,NA,NA,NA
Benoit,3pl,NA,NA,NA,NA,NA,NA,NA,NA,NA,NA,NA,NA
Benoit,2,NA,NA,NA,NA,0.0338983050847458,NA,NA,NA,NA,NA,NA,NA
Benoit,3,NA,NA,NA,NA,NA,NA,NA,NA,NA,NA,NA,NA
Brahim,1sg,NA,NA,NA,NA,NA,NA,NA,NA,NA,NA,NA,NA
Brahim,2sg,NA,NA,NA,NA,NA,NA,NA,NA,NA,NA,NA,NA
Brahim,3sg,NA,NA,NA,NA,NA,NA,NA,NA,NA,NA,NA,NA
Brahim,on,NA,NA,NA,NA,NA,NA,NA,NA,NA,NA,NA,NA
Brahim,y,NA,NA,NA,NA,NA,NA,NA,NA,NA,NA,NA,NA
Brahim,1pl,NA,NA,NA,NA,NA,NA,NA,NA,NA,NA,NA,NA
Brahim,2pl,NA,NA,NA,NA,NA,NA,NA,NA,NA,NA,NA,NA
Brahim,3pl,NA,NA,NA,NA,NA,NA,NA,NA,NA,NA,NA,NA
Brahim,2,NA,NA,NA,NA,NA,NA,NA,NA,NA,NA,NA,NA
Brahim,3,NA,NA,NA,NA,NA,NA,NA,NA,NA,NA,NA,NA
Bruno,1sg,NA,NA,NA,NA,NA,NA,NA,NA,NA,NA,NA,NA
Bruno,2sg,NA,NA,NA,NA,NA,NA,NA,NA,NA,NA,NA,NA
Bruno,3sg,NA,NA,NA,NA,NA,NA,NA,NA,NA,NA,0.045045045045045,NA
Bruno,on,NA,NA,NA,NA,NA,NA,NA,NA,NA,NA,NA,NA
Bruno,y,NA,NA,NA,NA,NA,NA,NA,NA,NA,NA,0.00900900900900901,NA
Bruno,1pl,NA,NA,NA,NA,NA,NA,NA,NA,NA,NA,NA,NA
Bruno,2pl,NA,NA,NA,NA,NA,NA,NA,NA,NA,NA,NA,NA
Bruno,3pl,NA,NA,NA,NA,NA,NA,NA,NA,NA,NA,0.018018018018018,NA
Bruno,2,NA,NA,NA,NA,NA,NA,NA,NA,NA,NA,NA,NA
Bruno,3,NA,NA,NA,NA,NA,NA,NA,NA,NA,NA,0.0630630630630631,NA
Camillech,1sg,NA,NA,NA,NA,NA,NA,NA,0.00363636363636364,NA,NA,0.00714285714285714,NA
Camillech,2sg,NA,NA,NA,NA,0.0103092783505155,NA,NA,0.0836363636363636,NA,NA,0.0821428571428571,NA
Camillech,3sg,NA,NA,NA,NA,0.15979381443299,NA,NA,0.141818181818182,NA,NA,0.0857142857142857,NA
Camillech,on,NA,NA,NA,NA,NA,NA,NA,NA,NA,NA,NA,NA
Camillech,y,NA,NA,NA,NA,0.0154639175257732,NA,NA,0.04,NA,NA,0.00714285714285714,NA
Camillech,1pl,NA,NA,NA,NA,NA,NA,NA,NA,NA,NA,NA,NA
Camillech,2pl,NA,NA,NA,NA,NA,NA,NA,NA,NA,NA,NA,NA
Camillech,3pl,NA,NA,NA,NA,0.0103092783505155,NA,NA,0.0145454545454545,NA,NA,0.0285714285714286,NA
Camillech,2,NA,NA,NA,NA,0.0103092783505155,NA,NA,0.0836363636363636,NA,NA,0.0821428571428571,NA
Camillech,3,NA,NA,NA,NA,0.170103092783505,NA,NA,0.156363636363636,NA,NA,0.114285714285714,NA
Camillev,1sg,NA,NA,NA,NA,0.00684931506849315,NA,NA,NA,NA,NA,0.032258064516129,NA
Camillev,2sg,NA,NA,NA,NA,0.0205479452054795,NA,NA,NA,NA,NA,0.0510752688172043,NA
Camillev,3sg,NA,NA,NA,NA,0.00684931506849315,NA,NA,NA,NA,NA,0.10752688172043,NA
Camillev,on,NA,NA,NA,NA,NA,NA,NA,NA,NA,NA,0.00806451612903226,NA
Camillev,y,NA,NA,NA,NA,NA,NA,NA,NA,NA,NA,0.0161290322580645,NA
Camillev,1pl,NA,NA,NA,NA,NA,NA,NA,NA,NA,NA,NA,NA
Camillev,2pl,NA,NA,NA,NA,NA,NA,NA,NA,NA,NA,NA,NA
Camillev,3pl,NA,NA,NA,NA,NA,NA,NA,NA,NA,NA,0.0161290322580645,NA
Camillev,2,NA,NA,NA,NA,0.0205479452054795,NA,NA,NA,NA,NA,0.0510752688172043,NA
Camillev,3,NA,NA,NA,NA,0.00684931506849315,NA,NA,NA,NA,NA,0.123655913978495,NA
Carole,1sg,NA,NA,NA,NA,NA,NA,NA,NA,NA,NA,NA,NA
Carole,2sg,NA,NA,NA,NA,NA,NA,NA,0.075,NA,NA,NA,NA
Carole,3sg,NA,NA,NA,NA,NA,NA,NA,0.0166666666666667,NA,NA,NA,NA
Carole,on,NA,NA,NA,NA,NA,NA,NA,NA,NA,NA,NA,NA
Carole,y,NA,NA,NA,NA,NA,NA,NA,NA,NA,NA,NA,NA
Carole,1pl,NA,NA,NA,NA,NA,NA,NA,NA,NA,NA,NA,NA
Carole,2pl,NA,NA,NA,NA,NA,NA,NA,NA,NA,NA,NA,NA
Carole,3pl,NA,NA,NA,NA,NA,NA,NA,NA,NA,NA,NA,NA
Carole,2,NA,NA,NA,NA,NA,NA,NA,0.075,NA,NA,NA,NA
Carole,3,NA,NA,NA,NA,NA,NA,NA,0.0166666666666667,NA,NA,NA,NA
Cedric,1sg,NA,NA,NA,NA,NA,NA,NA,NA,NA,NA,NA,NA
Cedric,2sg,NA,NA,NA,NA,NA,NA,NA,NA,NA,NA,0.0317460317460317,NA
Cedric,3sg,NA,NA,NA,NA,NA,NA,NA,NA,NA,NA,NA,NA
Cedric,on,NA,NA,NA,NA,NA,NA,NA,NA,NA,NA,NA,NA
Cedric,y,NA,NA,NA,NA,NA,NA,NA,NA,NA,NA,NA,NA
Cedric,1pl,NA,NA,NA,NA,NA,NA,NA,NA,NA,NA,NA,NA
Cedric,2pl,NA,NA,NA,NA,NA,NA,NA,NA,NA,NA,NA,NA
Cedric,3pl,NA,NA,NA,NA,NA,NA,NA,NA,NA,NA,NA,NA
Cedric,2,NA,NA,NA,NA,NA,NA,NA,NA,NA,NA,0.0317460317460317,NA
Cedric,3,NA,NA,NA,NA,NA,NA,NA,NA,NA,NA,NA,NA
Celine,1sg,NA,NA,NA,NA,NA,NA,NA,NA,NA,NA,NA,NA
Celine,2sg,NA,NA,NA,NA,NA,NA,NA,NA,NA,NA,NA,NA
Celine,3sg,NA,NA,NA,NA,NA,NA,NA,NA,NA,NA,NA,NA
Celine,on,NA,NA,NA,NA,NA,NA,NA,NA,NA,NA,NA,NA
Celine,y,NA,NA,NA,NA,NA,NA,NA,NA,NA,NA,NA,NA
Celine,1pl,NA,NA,NA,NA,NA,NA,NA,NA,NA,NA,NA,NA
Celine,2pl,NA,NA,NA,NA,NA,NA,NA,NA,NA,NA,NA,NA
Celine,3pl,NA,NA,NA,NA,NA,NA,NA,NA,NA,NA,NA,NA
Celine,2,NA,NA,NA,NA,NA,NA,NA,NA,NA,NA,NA,NA
Celine,3,NA,NA,NA,NA,NA,NA,NA,NA,NA,NA,NA,NA
Charles,1sg,NA,NA,NA,NA,NA,NA,NA,NA,NA,NA,NA,NA
Charles,2sg,NA,NA,NA,NA,NA,NA,NA,NA,NA,NA,0.0198019801980198,NA
Charles,3sg,NA,NA,NA,NA,NA,NA,NA,NA,NA,NA,0.0792079207920792,NA
Charles,on,NA,NA,NA,NA,NA,NA,NA,NA,NA,NA,NA,NA
Charles,y,NA,NA,NA,NA,NA,NA,NA,NA,NA,NA,NA,NA
Charles,1pl,NA,NA,NA,NA,NA,NA,NA,NA,NA,NA,NA,NA
Charles,2pl,NA,NA,NA,NA,NA,NA,NA,NA,NA,NA,NA,NA
Charles,3pl,NA,NA,NA,NA,NA,NA,NA,NA,NA,NA,NA,NA
Charles,2,NA,NA,NA,NA,NA,NA,NA,NA,NA,NA,0.0198019801980198,NA
Charles,3,NA,NA,NA,NA,NA,NA,NA,NA,NA,NA,0.0792079207920792,NA
Charlesh,1sg,NA,NA,NA,NA,NA,NA,NA,NA,NA,NA,0.0376811594202899,NA
Charlesh,2sg,NA,NA,NA,NA,NA,NA,NA,NA,NA,NA,0.0579710144927536,NA
Charlesh,3sg,NA,NA,NA,NA,NA,NA,NA,NA,NA,NA,0.0608695652173913,NA
Charlesh,on,NA,NA,NA,NA,NA,NA,NA,NA,NA,NA,NA,NA
Charlesh,y,NA,NA,NA,NA,NA,NA,NA,NA,NA,NA,0.00869565217391304,NA
Charlesh,1pl,NA,NA,NA,NA,NA,NA,NA,NA,NA,NA,NA,NA
Charlesh,2pl,NA,NA,NA,NA,NA,NA,NA,NA,NA,NA,NA,NA
Charlesh,3pl,NA,NA,NA,NA,NA,NA,NA,NA,NA,NA,0.0260869565217391,NA
Charlesh,2,NA,NA,NA,NA,NA,NA,NA,NA,NA,NA,0.0579710144927536,NA
Charlesh,3,NA,NA,NA,NA,NA,NA,NA,NA,NA,NA,0.0869565217391304,NA
Charlotte,1sg,NA,NA,NA,NA,NA,NA,NA,NA,NA,NA,0.01264203879659575,NA
Charlotte,2sg,NA,NA,NA,NA,0.201680672268908,NA,NA,NA,NA,NA,0.061419015286956896,NA
Charlotte,3sg,NA,NA,NA,NA,0.0168067226890756,NA,NA,NA,NA,NA,0.07534668514761325,NA
Charlotte,on,NA,NA,NA,NA,NA,NA,NA,NA,NA,NA,0.00948152909744684,NA
Charlotte,y,NA,NA,NA,NA,0.00840336134453781,NA,NA,NA,NA,NA,0.0174966352624495,NA
Charlotte,1pl,NA,NA,NA,NA,NA,NA,NA,NA,NA,NA,0.00269179004037685,NA
Charlotte,2pl,NA,NA,NA,NA,NA,NA,NA,NA,NA,NA,NA,NA
Charlotte,3pl,NA,NA,NA,NA,NA,NA,NA,NA,NA,NA,0.0269179004037685,NA
Charlotte,2,NA,NA,NA,NA,0.201680672268908,NA,NA,NA,NA,NA,0.061419015286956896,NA
Charlotte,3,NA,NA,NA,NA,0.0168067226890756,NA,NA,NA,NA,NA,0.08880563534949724,NA
Chloe,1sg,NA,NA,NA,NA,0.0404040404040404,NA,NA,0.033457249070632,NA,NA,NA,NA
Chloe,2sg,NA,NA,NA,NA,0.0555555555555556,NA,NA,0.0576208178438662,NA,NA,NA,NA
Chloe,3sg,NA,NA,NA,NA,0.0808080808080808,NA,NA,0.0892193308550186,NA,NA,NA,NA
Chloe,on,NA,NA,NA,NA,0.0151515151515152,NA,NA,0.00185873605947955,NA,NA,NA,NA
Chloe,y,NA,NA,NA,NA,0.0303030303030303,NA,NA,0.0223048327137546,NA,NA,NA,NA
Chloe,1pl,NA,NA,NA,NA,NA,NA,NA,NA,NA,NA,NA,NA
Chloe,2pl,NA,NA,NA,NA,NA,NA,NA,NA,NA,NA,NA,NA
Chloe,3pl,NA,NA,NA,NA,0.0303030303030303,NA,NA,0.0278810408921933,NA,NA,NA,NA
Chloe,2,NA,NA,NA,NA,0.0555555555555556,NA,NA,0.0576208178438662,NA,NA,NA,NA
Chloe,3,NA,NA,NA,NA,0.111111111111111,NA,NA,0.117100371747212,NA,NA,NA,NA
Chloed,1sg,NA,NA,NA,NA,NA,NA,NA,NA,NA,NA,NA,NA
Chloed,2sg,NA,NA,NA,NA,NA,NA,NA,NA,NA,NA,NA,NA
Chloed,3sg,NA,NA,NA,NA,NA,NA,NA,NA,NA,NA,NA,NA
Chloed,on,NA,NA,NA,NA,NA,NA,NA,NA,NA,NA,NA,NA
Chloed,y,NA,NA,NA,NA,NA,NA,NA,NA,NA,NA,NA,NA
Chloed,1pl,NA,NA,NA,NA,NA,NA,NA,NA,NA,NA,NA,NA
Chloed,2pl,NA,NA,NA,NA,NA,NA,NA,NA,NA,NA,NA,NA
Chloed,3pl,NA,NA,NA,NA,NA,NA,NA,NA,NA,NA,NA,NA
Chloed,2,NA,NA,NA,NA,NA,NA,NA,NA,NA,NA,NA,NA
Chloed,3,NA,NA,NA,NA,NA,NA,NA,NA,NA,NA,NA,NA
Christophe,1sg,NA,NA,NA,NA,NA,NA,NA,0.0375,NA,NA,0.0258620689655172,NA
Christophe,2sg,NA,NA,NA,NA,0.0916666666666667,NA,NA,0.1,NA,NA,0.0862068965517241,NA
Christophe,3sg,NA,NA,NA,NA,0.0583333333333333,NA,NA,0.05,NA,NA,0.0517241379310345,NA
Christophe,on,NA,NA,NA,NA,NA,NA,NA,0.0375,NA,NA,0.0172413793103448,NA
Christophe,y,NA,NA,NA,NA,0.025,NA,NA,NA,NA,NA,0.00862068965517241,NA
Christophe,1pl,NA,NA,NA,NA,NA,NA,NA,NA,NA,NA,NA,NA
Christophe,2pl,NA,NA,NA,NA,NA,NA,NA,NA,NA,NA,NA,NA
Christophe,3pl,NA,NA,NA,NA,NA,NA,NA,0.00625,NA,NA,NA,NA
Christophe,2,NA,NA,NA,NA,0.0916666666666667,NA,NA,0.1,NA,NA,0.0862068965517241,NA
Christophe,3,NA,NA,NA,NA,0.0583333333333333,NA,NA,0.05625,NA,NA,0.0517241379310345,NA
Christopher,1sg,NA,NA,NA,NA,NA,NA,NA,NA,NA,NA,NA,NA
Christopher,2sg,NA,NA,NA,NA,NA,NA,NA,NA,NA,NA,NA,NA
Christopher,3sg,NA,NA,NA,NA,NA,NA,NA,NA,NA,NA,0.1,NA
Christopher,on,NA,NA,NA,NA,NA,NA,NA,NA,NA,NA,NA,NA
Christopher,y,NA,NA,NA,NA,NA,NA,NA,NA,NA,NA,0.04,NA
Christopher,1pl,NA,NA,NA,NA,NA,NA,NA,NA,NA,NA,NA,NA
Christopher,2pl,NA,NA,NA,NA,NA,NA,NA,NA,NA,NA,NA,NA
Christopher,3pl,NA,NA,NA,NA,NA,NA,NA,NA,NA,NA,0.04,NA
Christopher,2,NA,NA,NA,NA,NA,NA,NA,NA,NA,NA,NA,NA
Christopher,3,NA,NA,NA,NA,NA,NA,NA,NA,NA,NA,0.14,NA
Cindy,1sg,NA,NA,NA,NA,NA,NA,NA,NA,NA,NA,0.032520325203252,NA
Cindy,2sg,NA,NA,NA,NA,NA,NA,NA,NA,NA,NA,0.121951219512195,NA
Cindy,3sg,NA,NA,NA,NA,NA,NA,NA,NA,NA,NA,0.0975609756097561,NA
Cindy,on,NA,NA,NA,NA,NA,NA,NA,NA,NA,NA,NA,NA
Cindy,y,NA,NA,NA,NA,NA,NA,NA,NA,NA,NA,0.00813008130081301,NA
Cindy,1pl,NA,NA,NA,NA,NA,NA,NA,NA,NA,NA,NA,NA
Cindy,2pl,NA,NA,NA,NA,NA,NA,NA,NA,NA,NA,NA,NA
Cindy,3pl,NA,NA,NA,NA,NA,NA,NA,NA,NA,NA,NA,NA
Cindy,2,NA,NA,NA,NA,NA,NA,NA,NA,NA,NA,0.121951219512195,NA
Cindy,3,NA,NA,NA,NA,NA,NA,NA,NA,NA,NA,0.0975609756097561,NA
Clementine,1sg,NA,NA,NA,NA,NA,NA,NA,NA,NA,NA,NA,NA
Clementine,2sg,NA,NA,NA,NA,NA,NA,NA,NA,NA,NA,NA,NA
Clementine,3sg,NA,NA,NA,NA,NA,NA,NA,NA,NA,NA,NA,NA
Clementine,on,NA,NA,NA,NA,NA,NA,NA,NA,NA,NA,NA,NA
Clementine,y,NA,NA,NA,NA,NA,NA,NA,NA,NA,NA,NA,NA
Clementine,1pl,NA,NA,NA,NA,NA,NA,NA,NA,NA,NA,NA,NA
Clementine,2pl,NA,NA,NA,NA,NA,NA,NA,NA,NA,NA,NA,NA
Clementine,3pl,NA,NA,NA,NA,NA,NA,NA,NA,NA,NA,NA,NA
Clementine,2,NA,NA,NA,NA,NA,NA,NA,NA,NA,NA,NA,NA
Clementine,3,NA,NA,NA,NA,NA,NA,NA,NA,NA,NA,NA,NA
Corentin,1sg,NA,NA,NA,NA,NA,NA,NA,NA,NA,NA,NA,NA
Corentin,2sg,NA,NA,NA,NA,NA,NA,NA,NA,NA,NA,NA,NA
Corentin,3sg,NA,NA,NA,NA,NA,NA,NA,NA,NA,NA,NA,NA
Corentin,on,NA,NA,NA,NA,NA,NA,NA,NA,NA,NA,NA,NA
Corentin,y,NA,NA,NA,NA,NA,NA,NA,NA,NA,NA,NA,NA
Corentin,1pl,NA,NA,NA,NA,NA,NA,NA,NA,NA,NA,NA,NA
Corentin,2pl,NA,NA,NA,NA,NA,NA,NA,NA,NA,NA,NA,NA
Corentin,3pl,NA,NA,NA,NA,NA,NA,NA,NA,NA,NA,NA,NA
Corentin,2,NA,NA,NA,NA,NA,NA,NA,NA,NA,NA,NA,NA
Corentin,3,NA,NA,NA,NA,NA,NA,NA,NA,NA,NA,NA,NA
Corinne,1sg,NA,NA,NA,NA,NA,NA,NA,NA,NA,NA,0.00956937799043062,NA
Corinne,2sg,NA,NA,NA,NA,NA,NA,NA,NA,NA,NA,0.0669856459330144,NA
Corinne,3sg,NA,NA,NA,NA,NA,NA,NA,NA,NA,NA,0.062200956937799,NA
Corinne,on,NA,NA,NA,NA,NA,NA,NA,NA,NA,NA,0.00478468899521531,NA
Corinne,y,NA,NA,NA,NA,NA,NA,NA,NA,NA,NA,NA,NA
Corinne,1pl,NA,NA,NA,NA,NA,NA,NA,NA,NA,NA,NA,NA
Corinne,2pl,NA,NA,NA,NA,NA,NA,NA,NA,NA,NA,NA,NA
Corinne,3pl,NA,NA,NA,NA,NA,NA,NA,NA,NA,NA,0.00478468899521531,NA
Corinne,2,NA,NA,NA,NA,NA,NA,NA,NA,NA,NA,0.0669856459330144,NA
Corinne,3,NA,NA,NA,NA,NA,NA,NA,NA,NA,NA,0.0669856459330144,NA
Delphine,1sg,NA,NA,NA,NA,NA,NA,NA,NA,NA,NA,NA,NA
Delphine,2sg,NA,NA,NA,NA,NA,NA,NA,NA,NA,NA,NA,NA
Delphine,3sg,NA,NA,NA,NA,NA,NA,NA,NA,NA,NA,NA,NA
Delphine,on,NA,NA,NA,NA,NA,NA,NA,NA,NA,NA,NA,NA
Delphine,y,NA,NA,NA,NA,NA,NA,NA,NA,NA,NA,NA,NA
Delphine,1pl,NA,NA,NA,NA,NA,NA,NA,NA,NA,NA,NA,NA
Delphine,2pl,NA,NA,NA,NA,NA,NA,NA,NA,NA,NA,NA,NA
Delphine,3pl,NA,NA,NA,NA,NA,NA,NA,NA,NA,NA,NA,NA
Delphine,2,NA,NA,NA,NA,NA,NA,NA,NA,NA,NA,NA,NA
Delphine,3,NA,NA,NA,NA,NA,NA,NA,NA,NA,NA,NA,NA
Elodie,1sg,NA,NA,NA,NA,NA,NA,NA,0.0147058823529412,NA,NA,NA,NA
Elodie,2sg,NA,NA,NA,NA,NA,NA,NA,0.0735294117647059,NA,NA,NA,NA
Elodie,3sg,NA,NA,NA,NA,NA,NA,NA,0.0294117647058824,NA,NA,NA,NA
Elodie,on,NA,NA,NA,NA,NA,NA,NA,NA,NA,NA,NA,NA
Elodie,y,NA,NA,NA,NA,NA,NA,NA,0.0147058823529412,NA,NA,NA,NA
Elodie,1pl,NA,NA,NA,NA,NA,NA,NA,NA,NA,NA,NA,NA
Elodie,2pl,NA,NA,NA,NA,NA,NA,NA,NA,NA,NA,NA,NA
Elodie,3pl,NA,NA,NA,NA,NA,NA,NA,NA,NA,NA,NA,NA
Elodie,2,NA,NA,NA,NA,NA,NA,NA,0.0735294117647059,NA,NA,NA,NA
Elodie,3,NA,NA,NA,NA,NA,NA,NA,0.0294117647058824,NA,NA,NA,NA
Etienne,1sg,NA,NA,NA,NA,NA,NA,NA,NA,NA,NA,NA,NA
Etienne,2sg,NA,NA,NA,NA,NA,NA,NA,NA,NA,NA,NA,NA
Etienne,3sg,NA,NA,NA,NA,NA,NA,NA,NA,NA,NA,NA,NA
Etienne,on,NA,NA,NA,NA,NA,NA,NA,NA,NA,NA,NA,NA
Etienne,y,NA,NA,NA,NA,NA,NA,NA,NA,NA,NA,NA,NA
Etienne,1pl,NA,NA,NA,NA,NA,NA,NA,NA,NA,NA,NA,NA
Etienne,2pl,NA,NA,NA,NA,NA,NA,NA,NA,NA,NA,NA,NA
Etienne,3pl,NA,NA,NA,NA,NA,NA,NA,NA,NA,NA,NA,NA
Etienne,2,NA,NA,NA,NA,NA,NA,NA,NA,NA,NA,NA,NA
Etienne,3,NA,NA,NA,NA,NA,NA,NA,NA,NA,NA,NA,NA
Fanny2,1sg,NA,NA,NA,NA,NA,NA,NA,NA,NA,NA,NA,NA
Fanny2,2sg,NA,NA,NA,NA,NA,NA,NA,NA,NA,NA,NA,NA
Fanny2,3sg,NA,NA,NA,NA,NA,NA,NA,NA,NA,NA,NA,NA
Fanny2,on,NA,NA,NA,NA,NA,NA,NA,NA,NA,NA,NA,NA
Fanny2,y,NA,NA,NA,NA,NA,NA,NA,NA,NA,NA,NA,NA
Fanny2,1pl,NA,NA,NA,NA,NA,NA,NA,NA,NA,NA,NA,NA
Fanny2,2pl,NA,NA,NA,NA,NA,NA,NA,NA,NA,NA,NA,NA
Fanny2,3pl,NA,NA,NA,NA,NA,NA,NA,NA,NA,NA,NA,NA
Fanny2,2,NA,NA,NA,NA,NA,NA,NA,NA,NA,NA,NA,NA
Fanny2,3,NA,NA,NA,NA,NA,NA,NA,NA,NA,NA,NA,NA
Fanny,1sg,NA,NA,NA,NA,NA,NA,NA,NA,NA,NA,NA,NA
Fanny,2sg,NA,NA,NA,NA,NA,NA,NA,NA,NA,NA,NA,NA
Fanny,3sg,NA,NA,NA,NA,NA,NA,NA,NA,NA,NA,NA,NA
Fanny,on,NA,NA,NA,NA,NA,NA,NA,NA,NA,NA,NA,NA
Fanny,y,NA,NA,NA,NA,NA,NA,NA,NA,NA,NA,NA,NA
Fanny,1pl,NA,NA,NA,NA,NA,NA,NA,NA,NA,NA,NA,NA
Fanny,2pl,NA,NA,NA,NA,NA,NA,NA,NA,NA,NA,NA,NA
Fanny,3pl,NA,NA,NA,NA,NA,NA,NA,NA,NA,NA,NA,NA
Fanny,2,NA,NA,NA,NA,NA,NA,NA,NA,NA,NA,NA,NA
Fanny,3,NA,NA,NA,NA,NA,NA,NA,NA,NA,NA,NA,NA
Florian,1sg,NA,NA,NA,NA,NA,NA,NA,NA,NA,NA,NA,NA
Florian,2sg,NA,NA,NA,NA,0.13953488372093,NA,NA,0.00943396226415094,NA,NA,0.055,NA
Florian,3sg,NA,NA,NA,NA,0.0697674418604651,NA,NA,0.0754716981132075,NA,NA,0.055,NA
Florian,on,NA,NA,NA,NA,NA,NA,NA,NA,NA,NA,NA,NA
Florian,y,NA,NA,NA,NA,NA,NA,NA,NA,NA,NA,0.02,NA
Florian,1pl,NA,NA,NA,NA,NA,NA,NA,NA,NA,NA,NA,NA
Florian,2pl,NA,NA,NA,NA,NA,NA,NA,NA,NA,NA,NA,NA
Florian,3pl,NA,NA,NA,NA,NA,NA,NA,NA,NA,NA,NA,NA
Florian,2,NA,NA,NA,NA,0.13953488372093,NA,NA,0.00943396226415094,NA,NA,0.055,NA
Florian,3,NA,NA,NA,NA,0.0697674418604651,NA,NA,0.0754716981132075,NA,NA,0.055,NA
Franck,1sg,NA,NA,NA,NA,NA,NA,NA,0.0196078431372549,NA,NA,NA,NA
Franck,2sg,NA,NA,NA,NA,NA,NA,NA,0.0196078431372549,NA,NA,NA,NA
Franck,3sg,NA,NA,NA,NA,NA,NA,NA,0.156862745098039,NA,NA,NA,NA
Franck,on,NA,NA,NA,NA,NA,NA,NA,NA,NA,NA,NA,NA
Franck,y,NA,NA,NA,NA,NA,NA,NA,0.00980392156862745,NA,NA,NA,NA
Franck,1pl,NA,NA,NA,NA,NA,NA,NA,NA,NA,NA,NA,NA
Franck,2pl,NA,NA,NA,NA,NA,NA,NA,NA,NA,NA,NA,NA
Franck,3pl,NA,NA,NA,NA,NA,NA,NA,NA,NA,NA,NA,NA
Franck,2,NA,NA,NA,NA,NA,NA,NA,0.0196078431372549,NA,NA,NA,NA
Franck,3,NA,NA,NA,NA,NA,NA,NA,0.156862745098039,NA,NA,NA,NA
Gael,1sg,NA,NA,NA,NA,NA,NA,NA,0.0547945205479452,NA,NA,0.0157068062827225,NA
Gael,2sg,NA,NA,NA,NA,0.0833333333333333,NA,NA,0.10958904109589,NA,NA,0.167539267015707,NA
Gael,3sg,NA,NA,NA,NA,NA,NA,NA,0.0136986301369863,NA,NA,0.0942408376963351,NA
Gael,on,NA,NA,NA,NA,NA,NA,NA,NA,NA,NA,NA,NA
Gael,y,NA,NA,NA,NA,NA,NA,NA,NA,NA,NA,0.00523560209424084,NA
Gael,1pl,NA,NA,NA,NA,NA,NA,NA,NA,NA,NA,NA,NA
Gael,2pl,NA,NA,NA,NA,NA,NA,NA,NA,NA,NA,NA,NA
Gael,3pl,NA,NA,NA,NA,NA,NA,NA,0.0136986301369863,NA,NA,NA,NA
Gael,2,NA,NA,NA,NA,0.0833333333333333,NA,NA,0.10958904109589,NA,NA,0.167539267015707,NA
Gael,3,NA,NA,NA,NA,NA,NA,NA,0.0273972602739726,NA,NA,0.0942408376963351,NA
Gauthier,1sg,NA,NA,NA,NA,NA,NA,NA,NA,NA,NA,NA,NA
Gauthier,2sg,NA,NA,NA,NA,0.205128205128205,NA,NA,NA,NA,NA,NA,NA
Gauthier,3sg,NA,NA,NA,NA,0.00854700854700855,NA,NA,NA,NA,NA,NA,NA
Gauthier,on,NA,NA,NA,NA,NA,NA,NA,NA,NA,NA,NA,NA
Gauthier,y,NA,NA,NA,NA,0.0427350427350427,NA,NA,NA,NA,NA,NA,NA
Gauthier,1pl,NA,NA,NA,NA,NA,NA,NA,NA,NA,NA,NA,NA
Gauthier,2pl,NA,NA,NA,NA,NA,NA,NA,NA,NA,NA,NA,NA
Gauthier,3pl,NA,NA,NA,NA,NA,NA,NA,NA,NA,NA,NA,NA
Gauthier,2,NA,NA,NA,NA,0.205128205128205,NA,NA,NA,NA,NA,NA,NA
Gauthier,3,NA,NA,NA,NA,0.00854700854700855,NA,NA,NA,NA,NA,NA,NA
Guillaume,1sg,NA,NA,NA,NA,NA,NA,NA,NA,NA,NA,NA,NA
Guillaume,2sg,NA,NA,NA,NA,NA,NA,NA,NA,NA,NA,NA,NA
Guillaume,3sg,NA,NA,NA,NA,NA,NA,NA,NA,NA,NA,NA,NA
Guillaume,on,NA,NA,NA,NA,NA,NA,NA,NA,NA,NA,NA,NA
Guillaume,y,NA,NA,NA,NA,NA,NA,NA,NA,NA,NA,NA,NA
Guillaume,1pl,NA,NA,NA,NA,NA,NA,NA,NA,NA,NA,NA,NA
Guillaume,2pl,NA,NA,NA,NA,NA,NA,NA,NA,NA,NA,NA,NA
Guillaume,3pl,NA,NA,NA,NA,NA,NA,NA,NA,NA,NA,NA,NA
Guillaume,2,NA,NA,NA,NA,NA,NA,NA,NA,NA,NA,NA,NA
Guillaume,3,NA,NA,NA,NA,NA,NA,NA,NA,NA,NA,NA,NA
Guillemette,1sg,NA,NA,NA,NA,NA,NA,NA,NA,NA,NA,NA,NA
Guillemette,2sg,NA,NA,NA,NA,NA,NA,NA,NA,NA,NA,NA,NA
Guillemette,3sg,NA,NA,NA,NA,NA,NA,NA,NA,NA,NA,NA,NA
Guillemette,on,NA,NA,NA,NA,NA,NA,NA,NA,NA,NA,NA,NA
Guillemette,y,NA,NA,NA,NA,NA,NA,NA,NA,NA,NA,NA,NA
Guillemette,1pl,NA,NA,NA,NA,NA,NA,NA,NA,NA,NA,NA,NA
Guillemette,2pl,NA,NA,NA,NA,NA,NA,NA,NA,NA,NA,NA,NA
Guillemette,3pl,NA,NA,NA,NA,NA,NA,NA,NA,NA,NA,NA,NA
Guillemette,2,NA,NA,NA,NA,NA,NA,NA,NA,NA,NA,NA,NA
Guillemette,3,NA,NA,NA,NA,NA,NA,NA,NA,NA,NA,NA,NA
Helena,1sg,NA,NA,NA,NA,NA,NA,NA,NA,NA,NA,NA,NA
Helena,2sg,NA,NA,NA,NA,NA,NA,NA,NA,NA,NA,NA,NA
Helena,3sg,NA,NA,NA,NA,NA,NA,NA,NA,NA,NA,NA,NA
Helena,on,NA,NA,NA,NA,NA,NA,NA,NA,NA,NA,NA,NA
Helena,y,NA,NA,NA,NA,NA,NA,NA,NA,NA,NA,NA,NA
Helena,1pl,NA,NA,NA,NA,NA,NA,NA,NA,NA,NA,NA,NA
Helena,2pl,NA,NA,NA,NA,NA,NA,NA,NA,NA,NA,NA,NA
Helena,3pl,NA,NA,NA,NA,NA,NA,NA,NA,NA,NA,NA,NA
Helena,2,NA,NA,NA,NA,NA,NA,NA,NA,NA,NA,NA,NA
Helena,3,NA,NA,NA,NA,NA,NA,NA,NA,NA,NA,NA,NA
Helene1,1sg,NA,NA,NA,NA,NA,NA,NA,NA,NA,NA,NA,NA
Helene1,2sg,NA,NA,NA,NA,NA,NA,NA,NA,NA,NA,NA,NA
Helene1,3sg,NA,NA,NA,NA,NA,NA,NA,NA,NA,NA,NA,NA
Helene1,on,NA,NA,NA,NA,NA,NA,NA,NA,NA,NA,NA,NA
Helene1,y,NA,NA,NA,NA,NA,NA,NA,NA,NA,NA,NA,NA
Helene1,1pl,NA,NA,NA,NA,NA,NA,NA,NA,NA,NA,NA,NA
Helene1,2pl,NA,NA,NA,NA,NA,NA,NA,NA,NA,NA,NA,NA
Helene1,3pl,NA,NA,NA,NA,NA,NA,NA,NA,NA,NA,NA,NA
Helene1,2,NA,NA,NA,NA,NA,NA,NA,NA,NA,NA,NA,NA
Helene1,3,NA,NA,NA,NA,NA,NA,NA,NA,NA,NA,NA,NA
Helene2,1sg,NA,NA,NA,NA,NA,NA,NA,NA,NA,NA,NA,NA
Helene2,2sg,NA,NA,NA,NA,NA,NA,NA,NA,NA,NA,NA,NA
Helene2,3sg,NA,NA,NA,NA,NA,NA,NA,NA,NA,NA,NA,NA
Helene2,on,NA,NA,NA,NA,NA,NA,NA,NA,NA,NA,NA,NA
Helene2,y,NA,NA,NA,NA,NA,NA,NA,NA,NA,NA,NA,NA
Helene2,1pl,NA,NA,NA,NA,NA,NA,NA,NA,NA,NA,NA,NA
Helene2,2pl,NA,NA,NA,NA,NA,NA,NA,NA,NA,NA,NA,NA
Helene2,3pl,NA,NA,NA,NA,NA,NA,NA,NA,NA,NA,NA,NA
Helene2,2,NA,NA,NA,NA,NA,NA,NA,NA,NA,NA,NA,NA
Helene2,3,NA,NA,NA,NA,NA,NA,NA,NA,NA,NA,NA,NA
Helene,1sg,NA,NA,NA,NA,NA,NA,NA,0.0152671755725191,NA,NA,0.0419753086419753,NA
Helene,2sg,NA,NA,NA,NA,0.0563380281690141,NA,NA,0.152671755725191,NA,NA,0.0666666666666667,NA
Helene,3sg,NA,NA,NA,NA,0.0422535211267606,NA,NA,0.114503816793893,NA,NA,0.0419753086419753,NA
Helene,on,NA,NA,NA,NA,NA,NA,NA,NA,NA,NA,0.00246913580246914,NA
Helene,y,NA,NA,NA,NA,NA,NA,NA,NA,NA,NA,NA,NA
Helene,1pl,NA,NA,NA,NA,NA,NA,NA,NA,NA,NA,NA,NA
Helene,2pl,NA,NA,NA,NA,NA,NA,NA,NA,NA,NA,NA,NA
Helene,3pl,NA,NA,NA,NA,NA,NA,NA,0.0152671755725191,NA,NA,0.0246913580246914,NA
Helene,2,NA,NA,NA,NA,0.0563380281690141,NA,NA,0.152671755725191,NA,NA,0.0666666666666667,NA
Helene,3,NA,NA,NA,NA,0.0422535211267606,NA,NA,0.129770992366412,NA,NA,0.0666666666666667,NA
Helene3,1sg,NA,NA,NA,NA,NA,NA,NA,NA,NA,NA,NA,NA
Helene3,2sg,NA,NA,NA,NA,NA,NA,NA,NA,NA,NA,NA,NA
Helene3,3sg,NA,NA,NA,NA,NA,NA,NA,NA,NA,NA,NA,NA
Helene3,on,NA,NA,NA,NA,NA,NA,NA,NA,NA,NA,NA,NA
Helene3,y,NA,NA,NA,NA,NA,NA,NA,NA,NA,NA,NA,NA
Helene3,1pl,NA,NA,NA,NA,NA,NA,NA,NA,NA,NA,NA,NA
Helene3,2pl,NA,NA,NA,NA,NA,NA,NA,NA,NA,NA,NA,NA
Helene3,3pl,NA,NA,NA,NA,NA,NA,NA,NA,NA,NA,NA,NA
Helene3,2,NA,NA,NA,NA,NA,NA,NA,NA,NA,NA,NA,NA
Helene3,3,NA,NA,NA,NA,NA,NA,NA,NA,NA,NA,NA,NA
Hory,1sg,NA,NA,NA,NA,NA,NA,NA,NA,NA,NA,NA,NA
Hory,2sg,NA,NA,NA,NA,NA,NA,NA,NA,NA,NA,NA,NA
Hory,3sg,NA,NA,NA,NA,NA,NA,NA,NA,NA,NA,NA,NA
Hory,on,NA,NA,NA,NA,NA,NA,NA,NA,NA,NA,NA,NA
Hory,y,NA,NA,NA,NA,NA,NA,NA,NA,NA,NA,NA,NA
Hory,1pl,NA,NA,NA,NA,NA,NA,NA,NA,NA,NA,NA,NA
Hory,2pl,NA,NA,NA,NA,NA,NA,NA,NA,NA,NA,NA,NA
Hory,3pl,NA,NA,NA,NA,NA,NA,NA,NA,NA,NA,NA,NA
Hory,2,NA,NA,NA,NA,NA,NA,NA,NA,NA,NA,NA,NA
Hory,3,NA,NA,NA,NA,NA,NA,NA,NA,NA,NA,NA,NA
Imane,1sg,NA,NA,NA,NA,NA,NA,NA,NA,NA,NA,NA,NA
Imane,2sg,NA,NA,NA,NA,NA,NA,NA,NA,NA,NA,NA,NA
Imane,3sg,NA,NA,NA,NA,NA,NA,NA,NA,NA,NA,NA,NA
Imane,on,NA,NA,NA,NA,NA,NA,NA,NA,NA,NA,NA,NA
Imane,y,NA,NA,NA,NA,NA,NA,NA,NA,NA,NA,NA,NA
Imane,1pl,NA,NA,NA,NA,NA,NA,NA,NA,NA,NA,NA,NA
Imane,2pl,NA,NA,NA,NA,NA,NA,NA,NA,NA,NA,NA,NA
Imane,3pl,NA,NA,NA,NA,NA,NA,NA,NA,NA,NA,NA,NA
Imane,2,NA,NA,NA,NA,NA,NA,NA,NA,NA,NA,NA,NA
Imane,3,NA,NA,NA,NA,NA,NA,NA,NA,NA,NA,NA,NA
Jacques,1sg,NA,NA,NA,NA,NA,NA,NA,NA,NA,NA,NA,NA
Jacques,2sg,NA,NA,NA,NA,NA,NA,NA,NA,NA,NA,NA,NA
Jacques,3sg,NA,NA,NA,NA,NA,NA,NA,NA,NA,NA,NA,NA
Jacques,on,NA,NA,NA,NA,NA,NA,NA,NA,NA,NA,NA,NA
Jacques,y,NA,NA,NA,NA,NA,NA,NA,NA,NA,NA,NA,NA
Jacques,1pl,NA,NA,NA,NA,NA,NA,NA,NA,NA,NA,NA,NA
Jacques,2pl,NA,NA,NA,NA,NA,NA,NA,NA,NA,NA,NA,NA
Jacques,3pl,NA,NA,NA,NA,NA,NA,NA,NA,NA,NA,NA,NA
Jacques,2,NA,NA,NA,NA,NA,NA,NA,NA,NA,NA,NA,NA
Jacques,3,NA,NA,NA,NA,NA,NA,NA,NA,NA,NA,NA,NA
Jean,1sg,NA,NA,NA,NA,NA,NA,NA,NA,NA,NA,NA,NA
Jean,2sg,NA,NA,NA,NA,0.021505376344086,NA,NA,NA,NA,NA,0.0583333333333333,NA
Jean,3sg,NA,NA,NA,NA,0.0537634408602151,NA,NA,NA,NA,NA,0.116666666666667,NA
Jean,on,NA,NA,NA,NA,NA,NA,NA,NA,NA,NA,NA,NA
Jean,y,NA,NA,NA,NA,NA,NA,NA,NA,NA,NA,0.025,NA
Jean,1pl,NA,NA,NA,NA,NA,NA,NA,NA,NA,NA,NA,NA
Jean,2pl,NA,NA,NA,NA,NA,NA,NA,NA,NA,NA,NA,NA
Jean,3pl,NA,NA,NA,NA,NA,NA,NA,NA,NA,NA,0.0166666666666667,NA
Jean,2,NA,NA,NA,NA,0.021505376344086,NA,NA,NA,NA,NA,0.0583333333333333,NA
Jean,3,NA,NA,NA,NA,0.0537634408602151,NA,NA,NA,NA,NA,0.133333333333333,NA
JeanA,1sg,NA,NA,NA,NA,NA,NA,NA,NA,NA,NA,NA,NA
JeanA,2sg,NA,NA,NA,NA,NA,NA,NA,NA,NA,NA,NA,NA
JeanA,3sg,NA,NA,NA,NA,NA,NA,NA,NA,NA,NA,NA,NA
JeanA,on,NA,NA,NA,NA,NA,NA,NA,NA,NA,NA,NA,NA
JeanA,y,NA,NA,NA,NA,NA,NA,NA,NA,NA,NA,NA,NA
JeanA,1pl,NA,NA,NA,NA,NA,NA,NA,NA,NA,NA,NA,NA
JeanA,2pl,NA,NA,NA,NA,NA,NA,NA,NA,NA,NA,NA,NA
JeanA,3pl,NA,NA,NA,NA,NA,NA,NA,NA,NA,NA,NA,NA
JeanA,2,NA,NA,NA,NA,NA,NA,NA,NA,NA,NA,NA,NA
JeanA,3,NA,NA,NA,NA,NA,NA,NA,NA,NA,NA,NA,NA
Jennifer,1sg,NA,NA,NA,NA,NA,NA,NA,NA,NA,NA,0.00851063829787234,NA
Jennifer,2sg,NA,NA,NA,NA,NA,NA,NA,NA,NA,NA,0.102127659574468,NA
Jennifer,3sg,NA,NA,NA,NA,NA,NA,NA,NA,NA,NA,0.11063829787234,NA
Jennifer,on,NA,NA,NA,NA,NA,NA,NA,NA,NA,NA,NA,NA
Jennifer,y,NA,NA,NA,NA,NA,NA,NA,NA,NA,NA,NA,NA
Jennifer,1pl,NA,NA,NA,NA,NA,NA,NA,NA,NA,NA,NA,NA
Jennifer,2pl,NA,NA,NA,NA,NA,NA,NA,NA,NA,NA,NA,NA
Jennifer,3pl,NA,NA,NA,NA,NA,NA,NA,NA,NA,NA,0.00425531914893617,NA
Jennifer,2,NA,NA,NA,NA,NA,NA,NA,NA,NA,NA,0.102127659574468,NA
Jennifer,3,NA,NA,NA,NA,NA,NA,NA,NA,NA,NA,0.114893617021277,NA
jeremie,1sg,NA,NA,NA,NA,NA,NA,NA,NA,NA,NA,0.00980392156862745,NA
jeremie,2sg,NA,NA,NA,NA,NA,NA,NA,NA,NA,NA,0.0588235294117647,NA
jeremie,3sg,NA,NA,NA,NA,NA,NA,NA,NA,NA,NA,0.117647058823529,NA
jeremie,on,NA,NA,NA,NA,NA,NA,NA,NA,NA,NA,NA,NA
jeremie,y,NA,NA,NA,NA,NA,NA,NA,NA,NA,NA,0.0392156862745098,NA
jeremie,1pl,NA,NA,NA,NA,NA,NA,NA,NA,NA,NA,NA,NA
jeremie,2pl,NA,NA,NA,NA,NA,NA,NA,NA,NA,NA,NA,NA
jeremie,3pl,NA,NA,NA,NA,NA,NA,NA,NA,NA,NA,0.0588235294117647,NA
jeremie,2,NA,NA,NA,NA,NA,NA,NA,NA,NA,NA,0.0588235294117647,NA
jeremie,3,NA,NA,NA,NA,NA,NA,NA,NA,NA,NA,0.176470588235294,NA
Jeremy,1sg,NA,NA,NA,NA,NA,NA,NA,NA,NA,NA,NA,NA
Jeremy,2sg,NA,NA,NA,NA,NA,NA,NA,NA,NA,NA,NA,NA
Jeremy,3sg,NA,NA,NA,NA,NA,NA,NA,NA,NA,NA,NA,NA
Jeremy,on,NA,NA,NA,NA,NA,NA,NA,NA,NA,NA,NA,NA
Jeremy,y,NA,NA,NA,NA,NA,NA,NA,NA,NA,NA,NA,NA
Jeremy,1pl,NA,NA,NA,NA,NA,NA,NA,NA,NA,NA,NA,NA
Jeremy,2pl,NA,NA,NA,NA,NA,NA,NA,NA,NA,NA,NA,NA
Jeremy,3pl,NA,NA,NA,NA,NA,NA,NA,NA,NA,NA,NA,NA
Jeremy,2,NA,NA,NA,NA,NA,NA,NA,NA,NA,NA,NA,NA
Jeremy,3,NA,NA,NA,NA,NA,NA,NA,NA,NA,NA,NA,NA
Jerome,1sg,NA,NA,NA,NA,NA,NA,NA,NA,NA,NA,NA,NA
Jerome,2sg,NA,NA,NA,NA,0.2,NA,NA,NA,NA,NA,NA,NA
Jerome,3sg,NA,NA,NA,NA,NA,NA,NA,NA,NA,NA,NA,NA
Jerome,on,NA,NA,NA,NA,NA,NA,NA,NA,NA,NA,NA,NA
Jerome,y,NA,NA,NA,NA,NA,NA,NA,NA,NA,NA,NA,NA
Jerome,1pl,NA,NA,NA,NA,NA,NA,NA,NA,NA,NA,NA,NA
Jerome,2pl,NA,NA,NA,NA,NA,NA,NA,NA,NA,NA,NA,NA
Jerome,3pl,NA,NA,NA,NA,NA,NA,NA,NA,NA,NA,NA,NA
Jerome,2,NA,NA,NA,NA,0.2,NA,NA,NA,NA,NA,NA,NA
Jerome,3,NA,NA,NA,NA,NA,NA,NA,NA,NA,NA,NA,NA
Jessica,1sg,NA,NA,NA,NA,NA,NA,NA,NA,NA,NA,NA,NA
Jessica,2sg,NA,NA,NA,NA,NA,NA,NA,NA,NA,NA,NA,NA
Jessica,3sg,NA,NA,NA,NA,NA,NA,NA,NA,NA,NA,NA,NA
Jessica,on,NA,NA,NA,NA,NA,NA,NA,NA,NA,NA,NA,NA
Jessica,y,NA,NA,NA,NA,NA,NA,NA,NA,NA,NA,NA,NA
Jessica,1pl,NA,NA,NA,NA,NA,NA,NA,NA,NA,NA,NA,NA
Jessica,2pl,NA,NA,NA,NA,NA,NA,NA,NA,NA,NA,NA,NA
Jessica,3pl,NA,NA,NA,NA,NA,NA,NA,NA,NA,NA,NA,NA
Jessica,2,NA,NA,NA,NA,NA,NA,NA,NA,NA,NA,NA,NA
Jessica,3,NA,NA,NA,NA,NA,NA,NA,NA,NA,NA,NA,NA
Julie1,1sg,NA,NA,NA,NA,NA,NA,NA,NA,NA,NA,NA,NA
Julie1,2sg,NA,NA,NA,NA,0.168141592920354,NA,NA,NA,NA,NA,NA,NA
Julie1,3sg,NA,NA,NA,NA,0.110619469026549,NA,NA,NA,NA,NA,NA,NA
Julie1,on,NA,NA,NA,NA,NA,NA,NA,NA,NA,NA,NA,NA
Julie1,y,NA,NA,NA,NA,NA,NA,NA,NA,NA,NA,NA,NA
Julie1,1pl,NA,NA,NA,NA,NA,NA,NA,NA,NA,NA,NA,NA
Julie1,2pl,NA,NA,NA,NA,NA,NA,NA,NA,NA,NA,NA,NA
Julie1,3pl,NA,NA,NA,NA,NA,NA,NA,NA,NA,NA,NA,NA
Julie1,2,NA,NA,NA,NA,0.168141592920354,NA,NA,NA,NA,NA,NA,NA
Julie1,3,NA,NA,NA,NA,0.110619469026549,NA,NA,NA,NA,NA,NA,NA
Julie2,1sg,NA,NA,NA,NA,0.0116279069767442,NA,NA,NA,NA,NA,NA,NA
Julie2,2sg,NA,NA,NA,NA,0.0930232558139535,NA,NA,NA,NA,NA,NA,NA
Julie2,3sg,NA,NA,NA,NA,0.0581395348837209,NA,NA,NA,NA,NA,NA,NA
Julie2,on,NA,NA,NA,NA,0.0116279069767442,NA,NA,NA,NA,NA,NA,NA
Julie2,y,NA,NA,NA,NA,NA,NA,NA,NA,NA,NA,NA,NA
Julie2,1pl,NA,NA,NA,NA,NA,NA,NA,NA,NA,NA,NA,NA
Julie2,2pl,NA,NA,NA,NA,NA,NA,NA,NA,NA,NA,NA,NA
Julie2,3pl,NA,NA,NA,NA,NA,NA,NA,NA,NA,NA,NA,NA
Julie2,2,NA,NA,NA,NA,0.0930232558139535,NA,NA,NA,NA,NA,NA,NA
Julie2,3,NA,NA,NA,NA,0.0581395348837209,NA,NA,NA,NA,NA,NA,NA
Julie,1sg,NA,0.00876232201533406,NA,0.00557275541795666,0.0028116213683224,0.0083955223880597,NA,NA,NA,NA,0.01662826210200985,NA
Julie,2sg,NA,0.0657174151150055,NA,0.0476780185758514,0.0487347703842549,0.0461753731343284,NA,NA,NA,NA,0.07283456166980609,NA
Julie,3sg,NA,0.0131434830230011,NA,0.0235294117647059,0.0262417994376757,0.0279850746268657,NA,NA,NA,NA,0.056102668202849246,NA
Julie,on,NA,NA,NA,0.000619195046439629,0.000937207122774133,0.00419776119402985,NA,NA,NA,NA,0.00512975256487628,NA
Julie,y,NA,0.00109529025191676,NA,0.00123839009287926,NA,0.00326492537313433,NA,NA,NA,NA,0.005090128807690665,NA
Julie,1pl,NA,NA,NA,NA,NA,0.00186567164179104,NA,NA,NA,NA,0.000603500301750151,NA
Julie,2pl,NA,NA,NA,NA,NA,NA,NA,NA,NA,NA,0.00181050090525045,NA
Julie,3pl,NA,0.00547645125958379,NA,0.0154798761609907,0.00937207122774133,0.0149253731343284,NA,NA,NA,NA,0.00875075437537719,NA
Julie,2,NA,0.0657174151150055,NA,0.0476780185758514,0.0487347703842549,0.0461753731343284,NA,NA,NA,NA,0.0737398121224313,NA
Julie,3,NA,0.0186199342825849,NA,0.0390092879256966,0.0356138706654171,0.042910447761194,NA,NA,NA,NA,0.060478045390537846,NA
Juliee,1sg,NA,NA,NA,NA,NA,NA,NA,NA,NA,NA,0.0588235294117647,NA
Juliee,2sg,NA,NA,NA,NA,NA,NA,NA,NA,NA,NA,0.165775401069519,NA
Juliee,3sg,NA,NA,NA,NA,NA,NA,NA,NA,NA,NA,0.0160427807486631,NA
Juliee,on,NA,NA,NA,NA,NA,NA,NA,NA,NA,NA,NA,NA
Juliee,y,NA,NA,NA,NA,NA,NA,NA,NA,NA,NA,0.0106951871657754,NA
Juliee,1pl,NA,NA,NA,NA,NA,NA,NA,NA,NA,NA,NA,NA
Juliee,2pl,NA,NA,NA,NA,NA,NA,NA,NA,NA,NA,NA,NA
Juliee,3pl,NA,NA,NA,NA,NA,NA,NA,NA,NA,NA,0.0320855614973262,NA
Juliee,2,NA,NA,NA,NA,NA,NA,NA,NA,NA,NA,0.165775401069519,NA
Juliee,3,NA,NA,NA,NA,NA,NA,NA,NA,NA,NA,0.0481283422459893,NA
Julien,1sg,NA,NA,NA,NA,NA,NA,NA,NA,NA,NA,NA,NA
Julien,2sg,NA,NA,NA,NA,NA,NA,NA,NA,NA,NA,NA,NA
Julien,3sg,NA,NA,NA,NA,NA,NA,NA,NA,NA,NA,NA,NA
Julien,on,NA,NA,NA,NA,NA,NA,NA,NA,NA,NA,NA,NA
Julien,y,NA,NA,NA,NA,NA,NA,NA,NA,NA,NA,NA,NA
Julien,1pl,NA,NA,NA,NA,NA,NA,NA,NA,NA,NA,NA,NA
Julien,2pl,NA,NA,NA,NA,NA,NA,NA,NA,NA,NA,NA,NA
Julien,3pl,NA,NA,NA,NA,NA,NA,NA,NA,NA,NA,NA,NA
Julien,2,NA,NA,NA,NA,NA,NA,NA,NA,NA,NA,NA,NA
Julien,3,NA,NA,NA,NA,NA,NA,NA,NA,NA,NA,NA,NA
Kevin2,1sg,NA,NA,NA,NA,NA,NA,NA,NA,NA,NA,NA,NA
Kevin2,2sg,NA,NA,NA,NA,0.078125,NA,NA,NA,NA,NA,NA,NA
Kevin2,3sg,NA,NA,NA,NA,NA,NA,NA,NA,NA,NA,NA,NA
Kevin2,on,NA,NA,NA,NA,NA,NA,NA,NA,NA,NA,NA,NA
Kevin2,y,NA,NA,NA,NA,0.03125,NA,NA,NA,NA,NA,NA,NA
Kevin2,1pl,NA,NA,NA,NA,NA,NA,NA,NA,NA,NA,NA,NA
Kevin2,2pl,NA,NA,NA,NA,NA,NA,NA,NA,NA,NA,NA,NA
Kevin2,3pl,NA,NA,NA,NA,NA,NA,NA,NA,NA,NA,NA,NA
Kevin2,2,NA,NA,NA,NA,0.078125,NA,NA,NA,NA,NA,NA,NA
Kevin2,3,NA,NA,NA,NA,NA,NA,NA,NA,NA,NA,NA,NA
Kevin,1sg,NA,NA,NA,NA,NA,NA,NA,NA,NA,NA,NA,NA
Kevin,2sg,NA,NA,NA,NA,NA,NA,NA,NA,NA,NA,NA,NA
Kevin,3sg,NA,NA,NA,NA,NA,NA,NA,NA,NA,NA,NA,NA
Kevin,on,NA,NA,NA,NA,NA,NA,NA,NA,NA,NA,NA,NA
Kevin,y,NA,NA,NA,NA,NA,NA,NA,NA,NA,NA,NA,NA
Kevin,1pl,NA,NA,NA,NA,NA,NA,NA,NA,NA,NA,NA,NA
Kevin,2pl,NA,NA,NA,NA,NA,NA,NA,NA,NA,NA,NA,NA
Kevin,3pl,NA,NA,NA,NA,NA,NA,NA,NA,NA,NA,NA,NA
Kevin,2,NA,NA,NA,NA,NA,NA,NA,NA,NA,NA,NA,NA
Kevin,3,NA,NA,NA,NA,NA,NA,NA,NA,NA,NA,NA,NA
Laetitia,1sg,NA,NA,NA,NA,NA,NA,NA,NA,NA,NA,NA,NA
Laetitia,2sg,NA,NA,NA,NA,0.0472972972972973,NA,NA,0.0377358490566038,NA,NA,0.128440366972477,NA
Laetitia,3sg,NA,NA,NA,NA,0.0202702702702703,NA,NA,0.0471698113207547,NA,NA,0.0917431192660551,NA
Laetitia,on,NA,NA,NA,NA,NA,NA,NA,NA,NA,NA,NA,NA
Laetitia,y,NA,NA,NA,NA,NA,NA,NA,NA,NA,NA,NA,NA
Laetitia,1pl,NA,NA,NA,NA,NA,NA,NA,NA,NA,NA,NA,NA
Laetitia,2pl,NA,NA,NA,NA,NA,NA,NA,NA,NA,NA,NA,NA
Laetitia,3pl,NA,NA,NA,NA,NA,NA,NA,NA,NA,NA,NA,NA
Laetitia,2,NA,NA,NA,NA,0.0472972972972973,NA,NA,0.0377358490566038,NA,NA,0.128440366972477,NA
Laetitia,3,NA,NA,NA,NA,0.0202702702702703,NA,NA,0.0471698113207547,NA,NA,0.0917431192660551,NA
Lauraw,1sg,NA,NA,NA,NA,NA,NA,NA,NA,NA,NA,NA,NA
Lauraw,2sg,NA,NA,NA,NA,NA,NA,NA,NA,NA,NA,NA,NA
Lauraw,3sg,NA,NA,NA,NA,NA,NA,NA,NA,NA,NA,NA,NA
Lauraw,on,NA,NA,NA,NA,NA,NA,NA,NA,NA,NA,NA,NA
Lauraw,y,NA,NA,NA,NA,NA,NA,NA,NA,NA,NA,NA,NA
Lauraw,1pl,NA,NA,NA,NA,NA,NA,NA,NA,NA,NA,NA,NA
Lauraw,2pl,NA,NA,NA,NA,NA,NA,NA,NA,NA,NA,NA,NA
Lauraw,3pl,NA,NA,NA,NA,NA,NA,NA,NA,NA,NA,NA,NA
Lauraw,2,NA,NA,NA,NA,NA,NA,NA,NA,NA,NA,NA,NA
Lauraw,3,NA,NA,NA,NA,NA,NA,NA,NA,NA,NA,NA,NA
Loic,1sg,NA,NA,NA,NA,NA,NA,NA,NA,NA,NA,NA,NA
Loic,2sg,NA,NA,NA,NA,NA,NA,NA,0.203703703703704,NA,NA,NA,NA
Loic,3sg,NA,NA,NA,NA,NA,NA,NA,0.0555555555555556,NA,NA,NA,NA
Loic,on,NA,NA,NA,NA,NA,NA,NA,NA,NA,NA,NA,NA
Loic,y,NA,NA,NA,NA,NA,NA,NA,0.0277777777777778,NA,NA,NA,NA
Loic,1pl,NA,NA,NA,NA,NA,NA,NA,NA,NA,NA,NA,NA
Loic,2pl,NA,NA,NA,NA,NA,NA,NA,NA,NA,NA,NA,NA
Loic,3pl,NA,NA,NA,NA,NA,NA,NA,NA,NA,NA,NA,NA
Loic,2,NA,NA,NA,NA,NA,NA,NA,0.203703703703704,NA,NA,NA,NA
Loic,3,NA,NA,NA,NA,NA,NA,NA,0.0555555555555556,NA,NA,NA,NA
Lois,1sg,NA,NA,NA,NA,NA,NA,NA,NA,NA,NA,NA,NA
Lois,2sg,NA,NA,NA,NA,NA,NA,NA,NA,NA,NA,NA,NA
Lois,3sg,NA,NA,NA,NA,NA,NA,NA,NA,NA,NA,NA,NA
Lois,on,NA,NA,NA,NA,NA,NA,NA,NA,NA,NA,NA,NA
Lois,y,NA,NA,NA,NA,NA,NA,NA,NA,NA,NA,NA,NA
Lois,1pl,NA,NA,NA,NA,NA,NA,NA,NA,NA,NA,NA,NA
Lois,2pl,NA,NA,NA,NA,NA,NA,NA,NA,NA,NA,NA,NA
Lois,3pl,NA,NA,NA,NA,NA,NA,NA,NA,NA,NA,NA,NA
Lois,2,NA,NA,NA,NA,NA,NA,NA,NA,NA,NA,NA,NA
Lois,3,NA,NA,NA,NA,NA,NA,NA,NA,NA,NA,NA,NA
Malcom,1sg,NA,NA,NA,NA,NA,NA,NA,NA,NA,NA,NA,NA
Malcom,2sg,NA,NA,NA,NA,NA,NA,NA,NA,NA,NA,NA,NA
Malcom,3sg,NA,NA,NA,NA,NA,NA,NA,NA,NA,NA,NA,NA
Malcom,on,NA,NA,NA,NA,NA,NA,NA,NA,NA,NA,NA,NA
Malcom,y,NA,NA,NA,NA,NA,NA,NA,NA,NA,NA,NA,NA
Malcom,1pl,NA,NA,NA,NA,NA,NA,NA,NA,NA,NA,NA,NA
Malcom,2pl,NA,NA,NA,NA,NA,NA,NA,NA,NA,NA,NA,NA
Malcom,3pl,NA,NA,NA,NA,NA,NA,NA,NA,NA,NA,NA,NA
Malcom,2,NA,NA,NA,NA,NA,NA,NA,NA,NA,NA,NA,NA
Malcom,3,NA,NA,NA,NA,NA,NA,NA,NA,NA,NA,NA,NA
MarieL,1sg,NA,NA,NA,NA,NA,NA,NA,NA,NA,NA,NA,NA
MarieL,2sg,NA,NA,NA,NA,NA,NA,NA,NA,NA,NA,NA,NA
MarieL,3sg,NA,NA,NA,NA,NA,NA,NA,NA,NA,NA,NA,NA
MarieL,on,NA,NA,NA,NA,NA,NA,NA,NA,NA,NA,NA,NA
MarieL,y,NA,NA,NA,NA,NA,NA,NA,NA,NA,NA,NA,NA
MarieL,1pl,NA,NA,NA,NA,NA,NA,NA,NA,NA,NA,NA,NA
MarieL,2pl,NA,NA,NA,NA,NA,NA,NA,NA,NA,NA,NA,NA
MarieL,3pl,NA,NA,NA,NA,NA,NA,NA,NA,NA,NA,NA,NA
MarieL,2,NA,NA,NA,NA,NA,NA,NA,NA,NA,NA,NA,NA
MarieL,3,NA,NA,NA,NA,NA,NA,NA,NA,NA,NA,NA,NA
MarieO,1sg,NA,NA,NA,NA,NA,NA,NA,NA,NA,NA,NA,NA
MarieO,2sg,NA,NA,NA,NA,NA,NA,NA,NA,NA,NA,NA,NA
MarieO,3sg,NA,NA,NA,NA,NA,NA,NA,NA,NA,NA,NA,NA
MarieO,on,NA,NA,NA,NA,NA,NA,NA,NA,NA,NA,NA,NA
MarieO,y,NA,NA,NA,NA,NA,NA,NA,NA,NA,NA,NA,NA
MarieO,1pl,NA,NA,NA,NA,NA,NA,NA,NA,NA,NA,NA,NA
MarieO,2pl,NA,NA,NA,NA,NA,NA,NA,NA,NA,NA,NA,NA
MarieO,3pl,NA,NA,NA,NA,NA,NA,NA,NA,NA,NA,NA,NA
MarieO,2,NA,NA,NA,NA,NA,NA,NA,NA,NA,NA,NA,NA
MarieO,3,NA,NA,NA,NA,NA,NA,NA,NA,NA,NA,NA,NA
Marion,1sg,NA,NA,NA,NA,NA,NA,NA,NA,NA,NA,NA,NA
Marion,2sg,NA,NA,NA,NA,0.12962962962963,NA,NA,NA,NA,NA,0.129807692307692,NA
Marion,3sg,NA,NA,NA,NA,NA,NA,NA,NA,NA,NA,0.0817307692307692,NA
Marion,on,NA,NA,NA,NA,NA,NA,NA,NA,NA,NA,NA,NA
Marion,y,NA,NA,NA,NA,0.00925925925925926,NA,NA,NA,NA,NA,0.00480769230769231,NA
Marion,1pl,NA,NA,NA,NA,NA,NA,NA,NA,NA,NA,NA,NA
Marion,2pl,NA,NA,NA,NA,NA,NA,NA,NA,NA,NA,NA,NA
Marion,3pl,NA,NA,NA,NA,0.0185185185185185,NA,NA,NA,NA,NA,0.00480769230769231,NA
Marion,2,NA,NA,NA,NA,0.12962962962963,NA,NA,NA,NA,NA,0.129807692307692,NA
Marion,3,NA,NA,NA,NA,0.0185185185185185,NA,NA,NA,NA,NA,0.0865384615384615,NA
MarionD,1sg,NA,NA,NA,NA,0.0669934640522876,NA,NA,NA,NA,NA,NA,NA
MarionD,2sg,NA,NA,NA,NA,0.0506535947712418,NA,NA,NA,NA,NA,NA,NA
MarionD,3sg,NA,NA,NA,NA,0.117647058823529,NA,NA,NA,NA,NA,NA,NA
MarionD,on,NA,NA,NA,NA,0.0065359477124183,NA,NA,NA,NA,NA,NA,NA
MarionD,y,NA,NA,NA,NA,0.0065359477124183,NA,NA,NA,NA,NA,NA,NA
MarionD,1pl,NA,NA,NA,NA,NA,NA,NA,NA,NA,NA,NA,NA
MarionD,2pl,NA,NA,NA,NA,NA,NA,NA,NA,NA,NA,NA,NA
MarionD,3pl,NA,NA,NA,NA,0.00163398692810458,NA,NA,NA,NA,NA,NA,NA
MarionD,2,NA,NA,NA,NA,0.0506535947712418,NA,NA,NA,NA,NA,NA,NA
MarionD,3,NA,NA,NA,NA,0.119281045751634,NA,NA,NA,NA,NA,NA,NA
Martial,1sg,NA,NA,NA,NA,NA,NA,NA,NA,NA,NA,NA,NA
Martial,2sg,NA,NA,NA,NA,NA,NA,NA,NA,NA,NA,0.073394495412844,NA
Martial,3sg,NA,NA,NA,NA,NA,NA,NA,NA,NA,NA,0.0825688073394495,NA
Martial,on,NA,NA,NA,NA,NA,NA,NA,NA,NA,NA,NA,NA
Martial,y,NA,NA,NA,NA,NA,NA,NA,NA,NA,NA,NA,NA
Martial,1pl,NA,NA,NA,NA,NA,NA,NA,NA,NA,NA,NA,NA
Martial,2pl,NA,NA,NA,NA,NA,NA,NA,NA,NA,NA,NA,NA
Martial,3pl,NA,NA,NA,NA,NA,NA,NA,NA,NA,NA,0.055045871559633,NA
Martial,2,NA,NA,NA,NA,NA,NA,NA,NA,NA,NA,0.073394495412844,NA
Martial,3,NA,NA,NA,NA,NA,NA,NA,NA,NA,NA,0.137614678899083,NA
Matthieu,1sg,NA,NA,NA,NA,NA,NA,NA,NA,NA,NA,NA,NA
Matthieu,2sg,NA,NA,NA,NA,NA,NA,NA,NA,NA,NA,NA,NA
Matthieu,3sg,NA,NA,NA,NA,0.0175438596491228,NA,NA,NA,NA,NA,NA,NA
Matthieu,on,NA,NA,NA,NA,NA,NA,NA,NA,NA,NA,NA,NA
Matthieu,y,NA,NA,NA,NA,NA,NA,NA,NA,NA,NA,NA,NA
Matthieu,1pl,NA,NA,NA,NA,NA,NA,NA,NA,NA,NA,NA,NA
Matthieu,2pl,NA,NA,NA,NA,NA,NA,NA,NA,NA,NA,NA,NA
Matthieu,3pl,NA,NA,NA,NA,0.0175438596491228,NA,NA,NA,NA,NA,NA,NA
Matthieu,2,NA,NA,NA,NA,NA,NA,NA,NA,NA,NA,NA,NA
Matthieu,3,NA,NA,NA,NA,0.0350877192982456,NA,NA,NA,NA,NA,NA,NA
Medhi2,1sg,NA,NA,NA,NA,NA,NA,NA,NA,NA,NA,NA,NA
Medhi2,2sg,NA,NA,NA,NA,NA,NA,NA,NA,NA,NA,NA,NA
Medhi2,3sg,NA,NA,NA,NA,NA,NA,NA,NA,NA,NA,NA,NA
Medhi2,on,NA,NA,NA,NA,NA,NA,NA,NA,NA,NA,NA,NA
Medhi2,y,NA,NA,NA,NA,NA,NA,NA,NA,NA,NA,NA,NA
Medhi2,1pl,NA,NA,NA,NA,NA,NA,NA,NA,NA,NA,NA,NA
Medhi2,2pl,NA,NA,NA,NA,NA,NA,NA,NA,NA,NA,NA,NA
Medhi2,3pl,NA,NA,NA,NA,NA,NA,NA,NA,NA,NA,NA,NA
Medhi2,2,NA,NA,NA,NA,NA,NA,NA,NA,NA,NA,NA,NA
Medhi2,3,NA,NA,NA,NA,NA,NA,NA,NA,NA,NA,NA,NA
Medhi,1sg,NA,NA,NA,NA,NA,NA,NA,NA,NA,NA,NA,NA
Medhi,2sg,NA,NA,NA,NA,NA,NA,NA,0.0699300699300699,NA,NA,NA,NA
Medhi,3sg,NA,NA,NA,NA,NA,NA,NA,0.00699300699300699,NA,NA,NA,NA
Medhi,on,NA,NA,NA,NA,NA,NA,NA,NA,NA,NA,NA,NA
Medhi,y,NA,NA,NA,NA,NA,NA,NA,NA,NA,NA,NA,NA
Medhi,1pl,NA,NA,NA,NA,NA,NA,NA,NA,NA,NA,NA,NA
Medhi,2pl,NA,NA,NA,NA,NA,NA,NA,NA,NA,NA,NA,NA
Medhi,3pl,NA,NA,NA,NA,NA,NA,NA,0.013986013986014,NA,NA,NA,NA
Medhi,2,NA,NA,NA,NA,NA,NA,NA,0.0699300699300699,NA,NA,NA,NA
Medhi,3,NA,NA,NA,NA,NA,NA,NA,0.020979020979021,NA,NA,NA,NA
Medhiz,1sg,NA,NA,NA,NA,NA,NA,NA,NA,NA,NA,0.0147058823529412,NA
Medhiz,2sg,NA,NA,NA,NA,NA,NA,NA,NA,NA,NA,0.0465686274509804,NA
Medhiz,3sg,NA,NA,NA,NA,NA,NA,NA,NA,NA,NA,0.198529411764706,NA
Medhiz,on,NA,NA,NA,NA,NA,NA,NA,NA,NA,NA,0.00490196078431373,NA
Medhiz,y,NA,NA,NA,NA,NA,NA,NA,NA,NA,NA,0.00245098039215686,NA
Medhiz,1pl,NA,NA,NA,NA,NA,NA,NA,NA,NA,NA,NA,NA
Medhiz,2pl,NA,NA,NA,NA,NA,NA,NA,NA,NA,NA,NA,NA
Medhiz,3pl,NA,NA,NA,NA,NA,NA,NA,NA,NA,NA,0.00245098039215686,NA
Medhiz,2,NA,NA,NA,NA,NA,NA,NA,NA,NA,NA,0.0465686274509804,NA
Medhiz,3,NA,NA,NA,NA,NA,NA,NA,NA,NA,NA,0.200980392156863,NA
Melanie,1sg,NA,NA,NA,NA,NA,NA,NA,NA,NA,NA,NA,NA
Melanie,2sg,NA,NA,NA,NA,NA,NA,NA,NA,NA,NA,NA,NA
Melanie,3sg,NA,NA,NA,NA,NA,NA,NA,NA,NA,NA,NA,NA
Melanie,on,NA,NA,NA,NA,NA,NA,NA,NA,NA,NA,NA,NA
Melanie,y,NA,NA,NA,NA,NA,NA,NA,NA,NA,NA,NA,NA
Melanie,1pl,NA,NA,NA,NA,NA,NA,NA,NA,NA,NA,NA,NA
Melanie,2pl,NA,NA,NA,NA,NA,NA,NA,NA,NA,NA,NA,NA
Melanie,3pl,NA,NA,NA,NA,NA,NA,NA,NA,NA,NA,NA,NA
Melanie,2,NA,NA,NA,NA,NA,NA,NA,NA,NA,NA,NA,NA
Melanie,3,NA,NA,NA,NA,NA,NA,NA,NA,NA,NA,NA,NA
Michael,1sg,NA,NA,NA,NA,NA,NA,NA,NA,NA,NA,NA,NA
Michael,2sg,NA,NA,NA,NA,0.0875912408759124,NA,NA,0.0691823899371069,NA,NA,NA,NA
Michael,3sg,NA,NA,NA,NA,0.0218978102189781,NA,NA,0.0754716981132075,NA,NA,NA,NA
Michael,on,NA,NA,NA,NA,NA,NA,NA,NA,NA,NA,NA,NA
Michael,y,NA,NA,NA,NA,NA,NA,NA,NA,NA,NA,NA,NA
Michael,1pl,NA,NA,NA,NA,NA,NA,NA,NA,NA,NA,NA,NA
Michael,2pl,NA,NA,NA,NA,NA,NA,NA,NA,NA,NA,NA,NA
Michael,3pl,NA,NA,NA,NA,0.0072992700729927,NA,NA,0.0125786163522013,NA,NA,NA,NA
Michael,2,NA,NA,NA,NA,0.0875912408759124,NA,NA,0.0691823899371069,NA,NA,NA,NA
Michael,3,NA,NA,NA,NA,0.0291970802919708,NA,NA,0.0880503144654088,NA,NA,NA,NA
Mohamed,1sg,NA,NA,NA,NA,NA,NA,NA,NA,NA,NA,NA,NA
Mohamed,2sg,NA,NA,NA,NA,NA,NA,NA,NA,NA,NA,NA,NA
Mohamed,3sg,NA,NA,NA,NA,NA,NA,NA,NA,NA,NA,NA,NA
Mohamed,on,NA,NA,NA,NA,NA,NA,NA,NA,NA,NA,NA,NA
Mohamed,y,NA,NA,NA,NA,NA,NA,NA,NA,NA,NA,NA,NA
Mohamed,1pl,NA,NA,NA,NA,NA,NA,NA,NA,NA,NA,NA,NA
Mohamed,2pl,NA,NA,NA,NA,NA,NA,NA,NA,NA,NA,NA,NA
Mohamed,3pl,NA,NA,NA,NA,NA,NA,NA,NA,NA,NA,NA,NA
Mohamed,2,NA,NA,NA,NA,NA,NA,NA,NA,NA,NA,NA,NA
Mohamed,3,NA,NA,NA,NA,NA,NA,NA,NA,NA,NA,NA,NA
Naik,1sg,NA,NA,NA,NA,NA,NA,NA,NA,NA,NA,NA,NA
Naik,2sg,NA,NA,NA,NA,NA,NA,NA,NA,NA,NA,NA,NA
Naik,3sg,NA,NA,NA,NA,NA,NA,NA,NA,NA,NA,NA,NA
Naik,on,NA,NA,NA,NA,NA,NA,NA,NA,NA,NA,NA,NA
Naik,y,NA,NA,NA,NA,NA,NA,NA,NA,NA,NA,NA,NA
Naik,1pl,NA,NA,NA,NA,NA,NA,NA,NA,NA,NA,NA,NA
Naik,2pl,NA,NA,NA,NA,NA,NA,NA,NA,NA,NA,NA,NA
Naik,3pl,NA,NA,NA,NA,NA,NA,NA,NA,NA,NA,NA,NA
Naik,2,NA,NA,NA,NA,NA,NA,NA,NA,NA,NA,NA,NA
Naik,3,NA,NA,NA,NA,NA,NA,NA,NA,NA,NA,NA,NA
Nicolas,1sg,NA,NA,NA,NA,NA,NA,NA,0.0350877192982456,NA,NA,NA,NA
Nicolas,2sg,NA,NA,NA,NA,0.0735294117647059,NA,NA,0.140350877192982,NA,NA,0.0153846153846154,NA
Nicolas,3sg,NA,NA,NA,NA,0.0441176470588235,NA,NA,NA,NA,NA,0.0230769230769231,NA
Nicolas,on,NA,NA,NA,NA,NA,NA,NA,NA,NA,NA,NA,NA
Nicolas,y,NA,NA,NA,NA,NA,NA,NA,NA,NA,NA,NA,NA
Nicolas,1pl,NA,NA,NA,NA,NA,NA,NA,NA,NA,NA,NA,NA
Nicolas,2pl,NA,NA,NA,NA,NA,NA,NA,NA,NA,NA,NA,NA
Nicolas,3pl,NA,NA,NA,NA,NA,NA,NA,0.043859649122807,NA,NA,0.0307692307692308,NA
Nicolas,2,NA,NA,NA,NA,0.0735294117647059,NA,NA,0.140350877192982,NA,NA,0.0153846153846154,NA
Nicolas,3,NA,NA,NA,NA,0.0441176470588235,NA,NA,0.043859649122807,NA,NA,0.0538461538461538,NA
Pauline,1sg,0.00938967136150235,0.00803212851405622,0.018613586465194395,0.0142857142857143,0.009227063259321329,0.04645816853628365,0.04364405459911077,0.0252100840336134,0.02751619102330005,0.054317857600087796,0.0465386852821408,NA
Pauline,2sg,0.07988971565240514,0.0430352113849589,0.032529381376727354,0.05469037400367875,0.08266756823632883,0.04802429351836615,0.0387654075856323,0.0890756302521008,0.05612660115029785,0.06895952594326679,0.0738801628853985,NA
Pauline,3sg,0.0353441403135796,0.0346697995300705,0.032658530285419096,0.0067903126916002456,0.019639641626059287,0.010686812165871234,0.03356478777827091,0.0285714285714286,0.0592861588122252,0.0487590760283117,0.0279232111692845,NA
Pauline,on,0.00471698113207547,NA,NA,0.00214592274678112,NA,NA,0.004002079002079005,0.00840336134453781,0.0043973930229854455,0.0062834921447775145,0.00523560209424084,NA
Pauline,y,0.007064398972451055,0.01412288156776485,0.00284127599121787,0.02752912323727775,0.007837592515011874,0.013638559589728351,0.009626188418323234,0.00336134453781513,0.0015113901369825551,0.0062834921447775145,0.00756253635834788,NA
Pauline,1pl,NA,NA,NA,NA,NA,NA,NA,NA,NA,NA,NA,NA
Pauline,2pl,NA,NA,NA,NA,NA,NA,NA,NA,NA,NA,NA,NA
Pauline,3pl,0.014128797944902124,0.0163308837007782,0.0140449438202247,0.0289546290619252,0.021680912937279667,0.02481909929232385,0.0457271446035491,0.0100840336134454,0.01116445429241636,0.013524882491724101,0.0139616055846422,NA
Pauline,2,0.07988971565240514,0.0430352113849589,0.032529381376727354,0.05469037400367875,0.08266756823632883,0.04802429351836615,0.0387654075856323,0.0890756302521008,0.05612660115029785,0.06895952594326679,0.0738801628853985,NA
Pauline,3,0.0494729382584817,0.05100068323084875,0.03968100219553145,0.035744941753525446,0.04132055456333897,0.0355059114581951,0.0792919323818199,0.038655462184874,0.07045061310464155,0.06228395852003585,0.0418848167539267,NA
Remi,1sg,NA,NA,NA,NA,NA,NA,NA,NA,NA,NA,NA,NA
Remi,2sg,NA,NA,NA,NA,NA,NA,NA,NA,NA,NA,NA,NA
Remi,3sg,NA,NA,NA,NA,NA,NA,NA,NA,NA,NA,NA,NA
Remi,on,NA,NA,NA,NA,NA,NA,NA,NA,NA,NA,NA,NA
Remi,y,NA,NA,NA,NA,NA,NA,NA,NA,NA,NA,NA,NA
Remi,1pl,NA,NA,NA,NA,NA,NA,NA,NA,NA,NA,NA,NA
Remi,2pl,NA,NA,NA,NA,NA,NA,NA,NA,NA,NA,NA,NA
Remi,3pl,NA,NA,NA,NA,NA,NA,NA,NA,NA,NA,NA,NA
Remi,2,NA,NA,NA,NA,NA,NA,NA,NA,NA,NA,NA,NA
Remi,3,NA,NA,NA,NA,NA,NA,NA,NA,NA,NA,NA,NA
Romain,1sg,NA,NA,NA,NA,NA,NA,NA,0.00666666666666667,NA,NA,NA,NA
Romain,2sg,NA,NA,NA,NA,NA,NA,NA,0.0933333333333333,NA,NA,0.114814814814815,NA
Romain,3sg,NA,NA,NA,NA,NA,NA,NA,0.0733333333333333,NA,NA,0.2,NA
Romain,on,NA,NA,NA,NA,NA,NA,NA,0.00666666666666667,NA,NA,0.0037037037037037,NA
Romain,y,NA,NA,NA,NA,0.0571428571428571,NA,NA,NA,NA,NA,0.0185185185185185,NA
Romain,1pl,NA,NA,NA,NA,NA,NA,NA,NA,NA,NA,NA,NA
Romain,2pl,NA,NA,NA,NA,NA,NA,NA,NA,NA,NA,NA,NA
Romain,3pl,NA,NA,NA,NA,NA,NA,NA,NA,NA,NA,0.0037037037037037,NA
Romain,2,NA,NA,NA,NA,NA,NA,NA,0.0933333333333333,NA,NA,0.114814814814815,NA
Romain,3,NA,NA,NA,NA,NA,NA,NA,0.0733333333333333,NA,NA,0.203703703703704,NA
RomainD,1sg,NA,NA,NA,NA,NA,NA,NA,NA,NA,NA,NA,NA
RomainD,2sg,NA,NA,NA,NA,NA,NA,NA,NA,NA,NA,NA,NA
RomainD,3sg,NA,NA,NA,NA,NA,NA,NA,NA,NA,NA,NA,NA
RomainD,on,NA,NA,NA,NA,NA,NA,NA,NA,NA,NA,NA,NA
RomainD,y,NA,NA,NA,NA,NA,NA,NA,NA,NA,NA,NA,NA
RomainD,1pl,NA,NA,NA,NA,NA,NA,NA,NA,NA,NA,NA,NA
RomainD,2pl,NA,NA,NA,NA,NA,NA,NA,NA,NA,NA,NA,NA
RomainD,3pl,NA,NA,NA,NA,NA,NA,NA,NA,NA,NA,NA,NA
RomainD,2,NA,NA,NA,NA,NA,NA,NA,NA,NA,NA,NA,NA
RomainD,3,NA,NA,NA,NA,NA,NA,NA,NA,NA,NA,NA,NA
RomainF,1sg,NA,NA,NA,NA,NA,NA,NA,NA,NA,NA,NA,NA
RomainF,2sg,NA,NA,NA,NA,NA,NA,NA,NA,NA,NA,NA,NA
RomainF,3sg,NA,NA,NA,NA,NA,NA,NA,NA,NA,NA,NA,NA
RomainF,on,NA,NA,NA,NA,NA,NA,NA,NA,NA,NA,NA,NA
RomainF,y,NA,NA,NA,NA,NA,NA,NA,NA,NA,NA,NA,NA
RomainF,1pl,NA,NA,NA,NA,NA,NA,NA,NA,NA,NA,NA,NA
RomainF,2pl,NA,NA,NA,NA,NA,NA,NA,NA,NA,NA,NA,NA
RomainF,3pl,NA,NA,NA,NA,NA,NA,NA,NA,NA,NA,NA,NA
RomainF,2,NA,NA,NA,NA,NA,NA,NA,NA,NA,NA,NA,NA
RomainF,3,NA,NA,NA,NA,NA,NA,NA,NA,NA,NA,NA,NA
Roxane,1sg,NA,NA,NA,NA,NA,NA,NA,NA,NA,NA,NA,NA
Roxane,2sg,NA,NA,NA,NA,NA,NA,NA,NA,NA,NA,NA,NA
Roxane,3sg,NA,NA,NA,NA,NA,NA,NA,NA,NA,NA,NA,NA
Roxane,on,NA,NA,NA,NA,NA,NA,NA,NA,NA,NA,NA,NA
Roxane,y,NA,NA,NA,NA,NA,NA,NA,NA,NA,NA,NA,NA
Roxane,1pl,NA,NA,NA,NA,NA,NA,NA,NA,NA,NA,NA,NA
Roxane,2pl,NA,NA,NA,NA,NA,NA,NA,NA,NA,NA,NA,NA
Roxane,3pl,NA,NA,NA,NA,NA,NA,NA,NA,NA,NA,NA,NA
Roxane,2,NA,NA,NA,NA,NA,NA,NA,NA,NA,NA,NA,NA
Roxane,3,NA,NA,NA,NA,NA,NA,NA,NA,NA,NA,NA,NA
Samuel,1sg,NA,NA,NA,NA,NA,NA,NA,NA,NA,NA,NA,NA
Samuel,2sg,NA,NA,NA,NA,NA,NA,NA,NA,NA,NA,NA,NA
Samuel,3sg,NA,NA,NA,NA,NA,NA,NA,NA,NA,NA,NA,NA
Samuel,on,NA,NA,NA,NA,NA,NA,NA,NA,NA,NA,NA,NA
Samuel,y,NA,NA,NA,NA,NA,NA,NA,NA,NA,NA,NA,NA
Samuel,1pl,NA,NA,NA,NA,NA,NA,NA,NA,NA,NA,NA,NA
Samuel,2pl,NA,NA,NA,NA,NA,NA,NA,NA,NA,NA,NA,NA
Samuel,3pl,NA,NA,NA,NA,NA,NA,NA,NA,NA,NA,NA,NA
Samuel,2,NA,NA,NA,NA,NA,NA,NA,NA,NA,NA,NA,NA
Samuel,3,NA,NA,NA,NA,NA,NA,NA,NA,NA,NA,NA,NA
Sandrine,1sg,NA,NA,NA,NA,NA,NA,NA,0.0174672489082969,NA,NA,NA,NA
Sandrine,2sg,NA,NA,NA,NA,NA,NA,NA,0.100436681222707,NA,NA,NA,NA
Sandrine,3sg,NA,NA,NA,NA,NA,NA,NA,0.0611353711790393,NA,NA,NA,NA
Sandrine,on,NA,NA,NA,NA,NA,NA,NA,NA,NA,NA,NA,NA
Sandrine,y,NA,NA,NA,NA,NA,NA,NA,0.0262008733624454,NA,NA,NA,NA
Sandrine,1pl,NA,NA,NA,NA,NA,NA,NA,NA,NA,NA,NA,NA
Sandrine,2pl,NA,NA,NA,NA,NA,NA,NA,NA,NA,NA,NA,NA
Sandrine,3pl,NA,NA,NA,NA,NA,NA,NA,0.0174672489082969,NA,NA,NA,NA
Sandrine,2,NA,NA,NA,NA,NA,NA,NA,0.100436681222707,NA,NA,NA,NA
Sandrine,3,NA,NA,NA,NA,NA,NA,NA,0.0786026200873362,NA,NA,NA,NA
Sarah,1sg,NA,NA,NA,NA,NA,NA,NA,NA,NA,NA,NA,NA
Sarah,2sg,NA,NA,NA,NA,NA,NA,NA,NA,NA,NA,NA,NA
Sarah,3sg,NA,NA,NA,NA,NA,NA,NA,NA,NA,NA,NA,NA
Sarah,on,NA,NA,NA,NA,NA,NA,NA,NA,NA,NA,NA,NA
Sarah,y,NA,NA,NA,NA,NA,NA,NA,NA,NA,NA,NA,NA
Sarah,1pl,NA,NA,NA,NA,NA,NA,NA,NA,NA,NA,NA,NA
Sarah,2pl,NA,NA,NA,NA,NA,NA,NA,NA,NA,NA,NA,NA
Sarah,3pl,NA,NA,NA,NA,NA,NA,NA,NA,NA,NA,NA,NA
Sarah,2,NA,NA,NA,NA,NA,NA,NA,NA,NA,NA,NA,NA
Sarah,3,NA,NA,NA,NA,NA,NA,NA,NA,NA,NA,NA,NA
Sebastien,1sg,NA,NA,NA,NA,NA,NA,NA,NA,NA,NA,NA,NA
Sebastien,2sg,NA,NA,NA,NA,0.0266666666666667,NA,NA,NA,NA,NA,NA,NA
Sebastien,3sg,NA,NA,NA,NA,0.04,NA,NA,NA,NA,NA,NA,NA
Sebastien,on,NA,NA,NA,NA,NA,NA,NA,NA,NA,NA,NA,NA
Sebastien,y,NA,NA,NA,NA,NA,NA,NA,NA,NA,NA,NA,NA
Sebastien,1pl,NA,NA,NA,NA,NA,NA,NA,NA,NA,NA,NA,NA
Sebastien,2pl,NA,NA,NA,NA,NA,NA,NA,NA,NA,NA,NA,NA
Sebastien,3pl,NA,NA,NA,NA,NA,NA,NA,NA,NA,NA,NA,NA
Sebastien,2,NA,NA,NA,NA,0.0266666666666667,NA,NA,NA,NA,NA,NA,NA
Sebastien,3,NA,NA,NA,NA,0.04,NA,NA,NA,NA,NA,NA,NA
Severine,1sg,NA,NA,NA,NA,NA,NA,NA,NA,NA,NA,NA,NA
Severine,2sg,NA,NA,NA,NA,0.0291970802919708,NA,NA,0.08,NA,NA,NA,NA
Severine,3sg,NA,NA,NA,NA,0.0656934306569343,NA,NA,0.0971428571428571,NA,NA,NA,NA
Severine,on,NA,NA,NA,NA,NA,NA,NA,0.00571428571428571,NA,NA,NA,NA
Severine,y,NA,NA,NA,NA,NA,NA,NA,0.00571428571428571,NA,NA,NA,NA
Severine,1pl,NA,NA,NA,NA,NA,NA,NA,NA,NA,NA,NA,NA
Severine,2pl,NA,NA,NA,NA,NA,NA,NA,NA,NA,NA,NA,NA
Severine,3pl,NA,NA,NA,NA,0.0437956204379562,NA,NA,NA,NA,NA,NA,NA
Severine,2,NA,NA,NA,NA,0.0291970802919708,NA,NA,0.08,NA,NA,NA,NA
Severine,3,NA,NA,NA,NA,0.109489051094891,NA,NA,0.0971428571428571,NA,NA,NA,NA
Sherazad,1sg,NA,NA,NA,NA,NA,NA,NA,NA,NA,NA,0.00790513833992095,NA
Sherazad,2sg,NA,NA,NA,NA,NA,NA,NA,NA,NA,NA,0.075098814229249,NA
Sherazad,3sg,NA,NA,NA,NA,NA,NA,NA,NA,NA,NA,0.150197628458498,NA
Sherazad,on,NA,NA,NA,NA,NA,NA,NA,NA,NA,NA,0.00395256916996047,NA
Sherazad,y,NA,NA,NA,NA,NA,NA,NA,NA,NA,NA,0.00790513833992095,NA
Sherazad,1pl,NA,NA,NA,NA,NA,NA,NA,NA,NA,NA,NA,NA
Sherazad,2pl,NA,NA,NA,NA,NA,NA,NA,NA,NA,NA,NA,NA
Sherazad,3pl,NA,NA,NA,NA,NA,NA,NA,NA,NA,NA,0.00395256916996047,NA
Sherazad,2,NA,NA,NA,NA,NA,NA,NA,NA,NA,NA,0.075098814229249,NA
Sherazad,3,NA,NA,NA,NA,NA,NA,NA,NA,NA,NA,0.154150197628458,NA
Sliman,1sg,NA,NA,NA,NA,NA,NA,NA,NA,NA,NA,NA,NA
Sliman,2sg,NA,NA,NA,NA,NA,NA,NA,NA,NA,NA,NA,NA
Sliman,3sg,NA,NA,NA,NA,NA,NA,NA,NA,NA,NA,NA,NA
Sliman,on,NA,NA,NA,NA,NA,NA,NA,NA,NA,NA,NA,NA
Sliman,y,NA,NA,NA,NA,NA,NA,NA,NA,NA,NA,NA,NA
Sliman,1pl,NA,NA,NA,NA,NA,NA,NA,NA,NA,NA,NA,NA
Sliman,2pl,NA,NA,NA,NA,NA,NA,NA,NA,NA,NA,NA,NA
Sliman,3pl,NA,NA,NA,NA,NA,NA,NA,NA,NA,NA,NA,NA
Sliman,2,NA,NA,NA,NA,NA,NA,NA,NA,NA,NA,NA,NA
Sliman,3,NA,NA,NA,NA,NA,NA,NA,NA,NA,NA,NA,NA
Sophie,1sg,NA,NA,NA,NA,NA,NA,NA,NA,NA,NA,NA,NA
Sophie,2sg,NA,NA,NA,NA,0.0625,NA,NA,NA,NA,NA,NA,NA
Sophie,3sg,NA,NA,NA,NA,0.046875,NA,NA,NA,NA,NA,NA,NA
Sophie,on,NA,NA,NA,NA,NA,NA,NA,NA,NA,NA,NA,NA
Sophie,y,NA,NA,NA,NA,NA,NA,NA,NA,NA,NA,NA,NA
Sophie,1pl,NA,NA,NA,NA,NA,NA,NA,NA,NA,NA,NA,NA
Sophie,2pl,NA,NA,NA,NA,NA,NA,NA,NA,NA,NA,NA,NA
Sophie,3pl,NA,NA,NA,NA,NA,NA,NA,NA,NA,NA,NA,NA
Sophie,2,NA,NA,NA,NA,0.0625,NA,NA,NA,NA,NA,NA,NA
Sophie,3,NA,NA,NA,NA,0.046875,NA,NA,NA,NA,NA,NA,NA
Tamara,1sg,NA,NA,NA,NA,NA,NA,NA,0.013953488372093,NA,NA,NA,NA
Tamara,2sg,NA,NA,NA,NA,0.0447761194029851,NA,NA,0.0976744186046512,NA,NA,NA,NA
Tamara,3sg,NA,NA,NA,NA,0.0149253731343284,NA,NA,0.0930232558139535,NA,NA,NA,NA
Tamara,on,NA,NA,NA,NA,NA,NA,NA,NA,NA,NA,NA,NA
Tamara,y,NA,NA,NA,NA,0.00746268656716418,NA,NA,0.027906976744186,NA,NA,NA,NA
Tamara,1pl,NA,NA,NA,NA,NA,NA,NA,NA,NA,NA,NA,NA
Tamara,2pl,NA,NA,NA,NA,NA,NA,NA,NA,NA,NA,NA,NA
Tamara,3pl,NA,NA,NA,NA,0.00746268656716418,NA,NA,NA,NA,NA,NA,NA
Tamara,2,NA,NA,NA,NA,0.0447761194029851,NA,NA,0.0976744186046512,NA,NA,NA,NA
Tamara,3,NA,NA,NA,NA,0.0223880597014925,NA,NA,0.0930232558139535,NA,NA,NA,NA
Thomas,1sg,NA,NA,NA,NA,NA,NA,NA,NA,NA,NA,0.00814332247557003,NA
Thomas,2sg,NA,NA,NA,NA,0.34375,NA,NA,0.0441176470588235,NA,NA,0.0439739413680782,NA
Thomas,3sg,NA,NA,NA,NA,0.09375,NA,NA,0.0294117647058824,NA,NA,0.0390879478827362,NA
Thomas,on,NA,NA,NA,NA,NA,NA,NA,NA,NA,NA,0.0130293159609121,NA
Thomas,y,NA,NA,NA,NA,NA,NA,NA,NA,NA,NA,0.0162866449511401,NA
Thomas,1pl,NA,NA,NA,NA,NA,NA,NA,NA,NA,NA,NA,NA
Thomas,2pl,NA,NA,NA,NA,NA,NA,NA,NA,NA,NA,NA,NA
Thomas,3pl,NA,NA,NA,NA,0.078125,NA,NA,NA,NA,NA,0.00977198697068404,NA
Thomas,2,NA,NA,NA,NA,0.34375,NA,NA,0.0441176470588235,NA,NA,0.0439739413680782,NA
Thomas,3,NA,NA,NA,NA,0.171875,NA,NA,0.0294117647058824,NA,NA,0.0488599348534202,NA
Vanessa1,1sg,NA,NA,NA,NA,NA,NA,NA,NA,NA,NA,NA,NA
Vanessa1,2sg,NA,NA,NA,NA,NA,NA,NA,NA,NA,NA,NA,NA
Vanessa1,3sg,NA,NA,NA,NA,NA,NA,NA,NA,NA,NA,NA,NA
Vanessa1,on,NA,NA,NA,NA,NA,NA,NA,NA,NA,NA,NA,NA
Vanessa1,y,NA,NA,NA,NA,NA,NA,NA,NA,NA,NA,NA,NA
Vanessa1,1pl,NA,NA,NA,NA,NA,NA,NA,NA,NA,NA,NA,NA
Vanessa1,2pl,NA,NA,NA,NA,NA,NA,NA,NA,NA,NA,NA,NA
Vanessa1,3pl,NA,NA,NA,NA,NA,NA,NA,NA,NA,NA,NA,NA
Vanessa1,2,NA,NA,NA,NA,NA,NA,NA,NA,NA,NA,NA,NA
Vanessa1,3,NA,NA,NA,NA,NA,NA,NA,NA,NA,NA,NA,NA
VanessaL2,1sg,NA,NA,NA,NA,NA,NA,NA,NA,NA,NA,NA,NA
VanessaL2,2sg,NA,NA,NA,NA,NA,NA,NA,NA,NA,NA,NA,NA
VanessaL2,3sg,NA,NA,NA,NA,NA,NA,NA,NA,NA,NA,NA,NA
VanessaL2,on,NA,NA,NA,NA,NA,NA,NA,NA,NA,NA,NA,NA
VanessaL2,y,NA,NA,NA,NA,NA,NA,NA,NA,NA,NA,NA,NA
VanessaL2,1pl,NA,NA,NA,NA,NA,NA,NA,NA,NA,NA,NA,NA
VanessaL2,2pl,NA,NA,NA,NA,NA,NA,NA,NA,NA,NA,NA,NA
VanessaL2,3pl,NA,NA,NA,NA,NA,NA,NA,NA,NA,NA,NA,NA
VanessaL2,2,NA,NA,NA,NA,NA,NA,NA,NA,NA,NA,NA,NA
VanessaL2,3,NA,NA,NA,NA,NA,NA,NA,NA,NA,NA,NA,NA
Vanessa,1sg,NA,NA,NA,NA,NA,NA,NA,NA,NA,NA,NA,NA
Vanessa,2sg,NA,NA,NA,NA,0.00813008130081301,NA,NA,NA,NA,NA,NA,NA
Vanessa,3sg,NA,NA,NA,NA,0.138211382113821,NA,NA,NA,NA,NA,NA,NA
Vanessa,on,NA,NA,NA,NA,NA,NA,NA,NA,NA,NA,NA,NA
Vanessa,y,NA,NA,NA,NA,0.00813008130081301,NA,NA,NA,NA,NA,NA,NA
Vanessa,1pl,NA,NA,NA,NA,NA,NA,NA,NA,NA,NA,NA,NA
Vanessa,2pl,NA,NA,NA,NA,NA,NA,NA,NA,NA,NA,NA,NA
Vanessa,3pl,NA,NA,NA,NA,NA,NA,NA,NA,NA,NA,NA,NA
Vanessa,2,NA,NA,NA,NA,0.00813008130081301,NA,NA,NA,NA,NA,NA,NA
Vanessa,3,NA,NA,NA,NA,0.138211382113821,NA,NA,NA,NA,NA,NA,NA
VanessaL3,1sg,NA,NA,NA,NA,NA,NA,NA,NA,NA,NA,NA,NA
VanessaL3,2sg,NA,NA,NA,NA,NA,NA,NA,NA,NA,NA,NA,NA
VanessaL3,3sg,NA,NA,NA,NA,NA,NA,NA,NA,NA,NA,NA,NA
VanessaL3,on,NA,NA,NA,NA,NA,NA,NA,NA,NA,NA,NA,NA
VanessaL3,y,NA,NA,NA,NA,NA,NA,NA,NA,NA,NA,NA,NA
VanessaL3,1pl,NA,NA,NA,NA,NA,NA,NA,NA,NA,NA,NA,NA
VanessaL3,2pl,NA,NA,NA,NA,NA,NA,NA,NA,NA,NA,NA,NA
VanessaL3,3pl,NA,NA,NA,NA,NA,NA,NA,NA,NA,NA,NA,NA
VanessaL3,2,NA,NA,NA,NA,NA,NA,NA,NA,NA,NA,NA,NA
VanessaL3,3,NA,NA,NA,NA,NA,NA,NA,NA,NA,NA,NA,NA
Vincent2,1sg,NA,NA,NA,NA,NA,NA,NA,NA,NA,NA,0.0168224299065421,NA
Vincent2,2sg,NA,NA,NA,NA,NA,NA,NA,NA,NA,NA,0.104672897196262,NA
Vincent2,3sg,NA,NA,NA,NA,NA,NA,NA,NA,NA,NA,0.117757009345794,NA
Vincent2,on,NA,NA,NA,NA,NA,NA,NA,NA,NA,NA,0.00747663551401869,NA
Vincent2,y,NA,NA,NA,NA,NA,NA,NA,NA,NA,NA,0.011214953271028,NA
Vincent2,1pl,NA,NA,NA,NA,NA,NA,NA,NA,NA,NA,NA,NA
Vincent2,2pl,NA,NA,NA,NA,NA,NA,NA,NA,NA,NA,NA,NA
Vincent2,3pl,NA,NA,NA,NA,NA,NA,NA,NA,NA,NA,0.00560747663551402,NA
Vincent2,2,NA,NA,NA,NA,NA,NA,NA,NA,NA,NA,0.104672897196262,NA
Vincent2,3,NA,NA,NA,NA,NA,NA,NA,NA,NA,NA,0.123364485981308,NA
Vincent,1sg,NA,NA,NA,NA,0.0151515151515152,NA,NA,NA,NA,NA,NA,NA
Vincent,2sg,NA,NA,NA,NA,0.151515151515152,NA,NA,0.036697247706422,NA,NA,0.0984455958549223,NA
Vincent,3sg,NA,NA,NA,NA,0.0454545454545455,NA,NA,0.0458715596330275,NA,NA,0.0362694300518135,NA
Vincent,on,NA,NA,NA,NA,NA,NA,NA,NA,NA,NA,NA,NA
Vincent,y,NA,NA,NA,NA,NA,NA,NA,NA,NA,NA,NA,NA
Vincent,1pl,NA,NA,NA,NA,NA,NA,NA,NA,NA,NA,NA,NA
Vincent,2pl,NA,NA,NA,NA,NA,NA,NA,NA,NA,NA,NA,NA
Vincent,3pl,NA,NA,NA,NA,NA,NA,NA,NA,NA,NA,0.0310880829015544,NA
Vincent,2,NA,NA,NA,NA,0.151515151515152,NA,NA,0.036697247706422,NA,NA,0.0984455958549223,NA
Vincent,3,NA,NA,NA,NA,0.0454545454545455,NA,NA,0.0458715596330275,NA,NA,0.0673575129533679,NA
Virginie,1sg,NA,NA,NA,NA,0.00980392156862745,NA,NA,NA,NA,NA,NA,NA
Virginie,2sg,NA,NA,NA,NA,0.0980392156862745,NA,NA,0.132867132867133,NA,NA,NA,NA
Virginie,3sg,NA,NA,NA,NA,0.0392156862745098,NA,NA,0.020979020979021,NA,NA,NA,NA
Virginie,on,NA,NA,NA,NA,NA,NA,NA,0.00699300699300699,NA,NA,NA,NA
Virginie,y,NA,NA,NA,NA,0.0196078431372549,NA,NA,0.00699300699300699,NA,NA,NA,NA
Virginie,1pl,NA,NA,NA,NA,NA,NA,NA,NA,NA,NA,NA,NA
Virginie,2pl,NA,NA,NA,NA,NA,NA,NA,NA,NA,NA,NA,NA
Virginie,3pl,NA,NA,NA,NA,0.0392156862745098,NA,NA,0.013986013986014,NA,NA,NA,NA
Virginie,2,NA,NA,NA,NA,0.0980392156862745,NA,NA,0.132867132867133,NA,NA,NA,NA
Virginie,3,NA,NA,NA,NA,0.0784313725490196,NA,NA,0.034965034965035,NA,NA,NA,NA
Wilfried,1sg,NA,NA,NA,NA,NA,NA,NA,NA,NA,NA,NA,NA
Wilfried,2sg,NA,NA,NA,NA,NA,NA,NA,0.0303030303030303,NA,NA,NA,NA
Wilfried,3sg,NA,NA,NA,NA,NA,NA,NA,0.0303030303030303,NA,NA,NA,NA
Wilfried,on,NA,NA,NA,NA,NA,NA,NA,NA,NA,NA,NA,NA
Wilfried,y,NA,NA,NA,NA,NA,NA,NA,NA,NA,NA,NA,NA
Wilfried,1pl,NA,NA,NA,NA,NA,NA,NA,NA,NA,NA,NA,NA
Wilfried,2pl,NA,NA,NA,NA,NA,NA,NA,NA,NA,NA,NA,NA
Wilfried,3pl,NA,NA,NA,NA,NA,NA,NA,NA,NA,NA,NA,NA
Wilfried,2,NA,NA,NA,NA,NA,NA,NA,0.0303030303030303,NA,NA,NA,NA
Wilfried,3,NA,NA,NA,NA,NA,NA,NA,0.0303030303030303,NA,NA,NA,NA
William,1sg,NA,NA,NA,NA,NA,NA,NA,NA,NA,NA,NA,NA
William,2sg,NA,NA,NA,NA,0.165289256198347,NA,NA,0.0338983050847458,NA,NA,0.112903225806452,NA
William,3sg,NA,NA,NA,NA,NA,NA,NA,0.0338983050847458,NA,NA,0.0806451612903226,NA
William,on,NA,NA,NA,NA,NA,NA,NA,NA,NA,NA,NA,NA
William,y,NA,NA,NA,NA,0.00826446280991736,NA,NA,NA,NA,NA,NA,NA
William,1pl,NA,NA,NA,NA,NA,NA,NA,NA,NA,NA,NA,NA
William,2pl,NA,NA,NA,NA,NA,NA,NA,NA,NA,NA,NA,NA
William,3pl,NA,NA,NA,NA,NA,NA,NA,NA,NA,NA,0.00806451612903226,NA
William,2,NA,NA,NA,NA,0.165289256198347,NA,NA,0.0338983050847458,NA,NA,0.112903225806452,NA
William,3,NA,NA,NA,NA,NA,NA,NA,0.0338983050847458,NA,NA,0.0887096774193548,NA
Willy,1sg,NA,NA,NA,NA,NA,NA,NA,NA,NA,NA,NA,NA
Willy,2sg,NA,NA,NA,NA,NA,NA,NA,NA,NA,NA,NA,NA
Willy,3sg,NA,NA,NA,NA,NA,NA,NA,NA,NA,NA,NA,NA
Willy,on,NA,NA,NA,NA,NA,NA,NA,NA,NA,NA,NA,NA
Willy,y,NA,NA,NA,NA,NA,NA,NA,NA,NA,NA,NA,NA
Willy,1pl,NA,NA,NA,NA,NA,NA,NA,NA,NA,NA,NA,NA
Willy,2pl,NA,NA,NA,NA,NA,NA,NA,NA,NA,NA,NA,NA
Willy,3pl,NA,NA,NA,NA,NA,NA,NA,NA,NA,NA,NA,NA
Willy,2,NA,NA,NA,NA,NA,NA,NA,NA,NA,NA,NA,NA
Willy,3,NA,NA,NA,NA,NA,NA,NA,NA,NA,NA,NA,NA
yanisse,1sg,NA,NA,NA,NA,NA,NA,NA,NA,NA,NA,NA,NA
yanisse,2sg,NA,NA,NA,NA,NA,NA,NA,NA,NA,NA,NA,NA
yanisse,3sg,NA,NA,NA,NA,NA,NA,NA,NA,NA,NA,NA,NA
yanisse,on,NA,NA,NA,NA,NA,NA,NA,NA,NA,NA,NA,NA
yanisse,y,NA,NA,NA,NA,NA,NA,NA,NA,NA,NA,NA,NA
yanisse,1pl,NA,NA,NA,NA,NA,NA,NA,NA,NA,NA,NA,NA
yanisse,2pl,NA,NA,NA,NA,NA,NA,NA,NA,NA,NA,NA,NA
yanisse,3pl,NA,NA,NA,NA,NA,NA,NA,NA,NA,NA,NA,NA
yanisse,2,NA,NA,NA,NA,NA,NA,NA,NA,NA,NA,NA,NA
yanisse,3,NA,NA,NA,NA,NA,NA,NA,NA,NA,NA,NA,NA
Yoni,1sg,NA,NA,NA,NA,NA,NA,NA,NA,NA,NA,0.0161290322580645,NA
Yoni,2sg,NA,NA,NA,NA,NA,NA,NA,NA,NA,NA,0.0161290322580645,NA
Yoni,3sg,NA,NA,NA,NA,NA,NA,NA,NA,NA,NA,NA,NA
Yoni,on,NA,NA,NA,NA,NA,NA,NA,NA,NA,NA,0.0161290322580645,NA
Yoni,y,NA,NA,NA,NA,NA,NA,NA,NA,NA,NA,0.00806451612903226,NA
Yoni,1pl,NA,NA,NA,NA,NA,NA,NA,NA,NA,NA,NA,NA
Yoni,2pl,NA,NA,NA,NA,NA,NA,NA,NA,NA,NA,NA,NA
Yoni,3pl,NA,NA,NA,NA,NA,NA,NA,NA,NA,NA,NA,NA
Yoni,2,NA,NA,NA,NA,NA,NA,NA,NA,NA,NA,0.0161290322580645,NA
Yoni,3,NA,NA,NA,NA,NA,NA,NA,NA,NA,NA,NA,NA
Dylan,1sg,NA,NA,NA,NA,NA,NA,NA,NA,NA,NA,NA,NA
Dylan,2sg,NA,NA,NA,NA,NA,NA,NA,NA,NA,NA,NA,NA
Dylan,3sg,NA,NA,NA,NA,NA,NA,NA,NA,NA,NA,NA,NA
Dylan,on,NA,NA,NA,NA,NA,NA,NA,NA,NA,NA,NA,NA
Dylan,y,NA,NA,NA,NA,NA,NA,NA,NA,NA,NA,NA,NA
Dylan,1pl,NA,NA,NA,NA,NA,NA,NA,NA,NA,NA,NA,NA
Dylan,2pl,NA,NA,NA,NA,NA,NA,NA,NA,NA,NA,NA,NA
Dylan,3pl,NA,NA,NA,NA,NA,NA,NA,NA,NA,NA,NA,NA
Dylan,2,NA,NA,NA,NA,NA,NA,NA,NA,NA,NA,NA,NA
Dylan,3,NA,NA,NA,NA,NA,NA,NA,NA,NA,NA,NA,NA
Anae,1sg,NA,0.0104918032786885,0.0193236714975845,NA,0.01794910902666565,0.00933441558441558,0.00346740638002774,0.00322927879440258,0.0241525423728814,0.0213227322009396,0.0223258913695435,NA
Anae,2sg,NA,0.0537704918032787,0.128502415458937,NA,0.0595706550751163,0.0608766233766234,0.0596393897364771,0.0522066738428418,0.103389830508475,0.0480664980122877,0.0533155614795068,NA
Anae,3sg,NA,0.0144262295081967,0.0164251207729469,NA,0.03029436437123465,0.0158279220779221,0.0298196948682386,0.0301399354144241,0.0292372881355932,0.0599927719551861,0.028323892035988,NA
Anae,on,NA,NA,0.00193236714975845,NA,0.00327791758814408,0.00202922077922078,0.00346740638002774,0.00161463939720129,0.000847457627118644,0.0046982291290206,0.00233255581472842,NA
Anae,y,NA,NA,NA,NA,0.0026513129464399198,0.00162337662337662,0.00485436893203883,0.00376749192680301,0.00677966101694915,0.0112034694615107,0.00366544485171609,NA
Anae,1pl,NA,NA,NA,NA,NA,NA,NA,0.00107642626480086,0.00169491525423729,NA,NA,NA
Anae,2pl,NA,NA,NA,NA,NA,NA,NA,NA,NA,NA,NA,NA
Anae,3pl,NA,0.00721311475409836,0.0202898550724638,NA,0.01483515086809525,0.0170454545454545,0.0142163661581137,0.011302475780409,0.0199152542372881,0.0119262739428984,0.0259913362212596,NA
Anae,2,NA,0.0537704918032787,0.128502415458937,NA,0.0595706550751163,0.0608766233766234,0.0596393897364771,0.0522066738428418,0.103389830508475,0.0480664980122877,0.0533155614795068,NA
Anae,3,NA,0.0216393442622951,0.0367149758454106,NA,0.045129515239329954,0.0328733766233766,0.0440360610263523,0.0414424111948332,0.0491525423728814,0.0719190458980846,0.0543152282572476,NA
Leonard,1sg,NA,NA,0.00469043151969981,0.00400534045393859,0.003444959253806275,0.0108527131782946,NA,0.007537252437631945,0.00407450523864959,NA,NA,0.04951334444513035
Leonard,2sg,0.0754716981132075,NA,0.0384615384615385,0.132176234979973,0.033379804222188045,0.0472868217054264,NA,0.055813197713102794,0.0535506402793946,NA,NA,0.029114280031003303
Leonard,3sg,NA,NA,0.00562851782363977,0.0106809078771696,0.039834665620895604,0.0333333333333333,NA,0.05171702111929815,0.0366705471478463,NA,NA,0.03090177034247655
Leonard,on,0.00209643605870021,NA,NA,NA,0.001888135174927186,NA,NA,0.000632511068943707,0.00232828870779977,NA,NA,0.0013745704467354
Leonard,y,NA,NA,NA,NA,0.00467047223663726,0.00310077519379845,NA,0.00865980556445451,0.00523864959254948,NA,NA,0.005044893031805805
Leonard,1pl,NA,NA,NA,NA,NA,NA,NA,0.00126502213788741,NA,NA,NA,NA
Leonard,2pl,NA,NA,NA,NA,NA,NA,NA,NA,NA,NA,NA,NA
Leonard,3pl,NA,NA,0.000938086303939962,0.00934579439252336,0.0120393972842632,0.0170542635658915,NA,0.0078060183017488755,0.0128055878928987,NA,NA,0.013990575549931055
Leonard,2,0.0754716981132075,NA,0.0384615384615385,0.132176234979973,0.033379804222188045,0.0472868217054264,NA,0.055813197713102794,0.0535506402793946,NA,NA,0.029114280031003303
Leonard,3,NA,NA,0.00656660412757974,0.0200267022696929,0.0518740629051588,0.0503875968992248,NA,0.059523039421047,0.0494761350407451,NA,NA,0.04489234589240765
Madeleine,1sg,NA,0.00115740740740741,0.00184331797235023,0.00967519004837595,NA,0.0430930326218284,0.0317569899896445,0.0448122729107792,0.0431508832898928,0.0326487625065824,0.013419713095789,0.0376497432972048
Madeleine,2sg,NA,0.0868055555555556,0.0755760368663594,0.0905321354526607,NA,0.0531614981876762,0.0493614083534691,0.0569236980218006,0.0582102519548219,0.0308056872037915,0.0675613142063859,0.0410724472333143
Madeleine,3sg,NA,0.015625,0.0327188940092166,0.0193503800967519,NA,0.0165122835279903,0.0358992060752503,0.0387565603552685,0.0388068346365479,0.0394944707740916,0.033317908375752,0.0248146035367941
Madeleine,on,NA,0.00115740740740741,0.00552995391705069,0.00138217000691085,NA,0.00886024969794603,0.00552295478080773,0.0040371417036738,0.0101361135244715,0.0129015271195366,0.00509023600185099,0.00884198516828294
Madeleine,y,NA,0.00173611111111111,0.000460829493087558,NA,NA,0.00241643173580346,0.00310666206420435,0.00080742834073476,0.00115841297422531,0.00315955766192733,0.000925497454881999,0.00427837992013691
Madeleine,1pl,NA,NA,NA,NA,NA,NA,0.00517777010700725,0.00080742834073476,0.00115841297422531,NA,0.000462748727441,NA
Madeleine,2pl,NA,NA,NA,NA,NA,NA,NA,NA,0.00144801621778164,NA,0.000925497454881999,0.000570450656018254
Madeleine,3pl,NA,0.00752314814814815,0.0170506912442396,0.0172771250863856,NA,0.0277889649617398,0.0220918191232309,0.0250302785627776,0.0121633362293658,0.017114270668773,0.031929662193429,0.013405590416429
Madeleine,2,NA,0.0868055555555556,0.0755760368663594,0.0905321354526607,NA,0.0531614981876762,0.0493614083534691,0.0569236980218006,0.0596582681726035,0.0308056872037915,0.0684868116612679,0.0416428978893326
Madeleine,3,NA,0.0231481481481481,0.0497695852534562,0.0366275051831375,NA,0.0443012484897302,0.0579910251984812,0.063786838918046,0.0509701708659137,0.0566087414428647,0.0652475705691809,0.038220193953223
Theophile,1sg,NA,0.00458715596330275,NA,0.00210970464135021,0.00229533282325937,NA,0.00122549019607843,0.00852052672347018,0.005899168210381025,NA,0.0137362637362637,0.0242198039450377
Theophile,2sg,0.181981981981982,0.117737003058104,0.0946372239747634,0.10202715098147135,0.0436113236419281,NA,0.0661764705882353,0.0518977536793184,0.06964040536122915,NA,0.0638736263736264,0.0544405920248752
Theophile,3sg,0.0162162162162162,0.00764525993883792,0.00788643533123028,0.006787745367822415,0.00994644223412395,NA,0.00735294117647059,0.00154918667699458,0.0149101013403073,NA,0.0130494505494505,0.015675930962651848
Theophile,on,NA,NA,NA,NA,NA,NA,NA,NA,NA,NA,NA,NA
Theophile,y,NA,NA,NA,NA,NA,NA,0.00122549019607843,0.000774593338497289,0.0050466746576586395,NA,NA,0.00458916913268012
Theophile,1pl,NA,NA,NA,NA,NA,NA,NA,NA,NA,NA,NA,0.00168444693992139
Theophile,2pl,NA,NA,NA,NA,NA,NA,NA,0.000774593338497289,NA,NA,NA,NA
Theophile,3pl,0.00540540540540541,0.00917431192660551,0.0205047318611987,0.011997798569069889,0.00765110941086458,NA,0.00122549019607843,0.00929512006196747,0.0046631070429697455,NA,0.00480769230769231,0.014671523115652695
Theophile,2,0.181981981981982,0.117737003058104,0.0946372239747634,0.10202715098147135,0.0436113236419281,NA,0.0661764705882353,0.0526723470178156,0.06964040536122915,NA,0.0638736263736264,0.0544405920248752
Theophile,3,0.0216216216216216,0.0168195718654434,0.028391167192429,0.0187855439368923,0.0175975516449885,NA,0.00857843137254902,0.010844306738962,0.01957320838327705,NA,0.0178571428571429,0.030347454078304553
Target_Child,1sg,NA,NA,NA,NA,NA,NA,NA,0.006,NA,NA,NA,NA
Target_Child,2sg,NA,NA,NA,NA,NA,NA,NA,0.028,NA,NA,NA,NA
Target_Child,3sg,NA,NA,NA,NA,NA,NA,NA,0.064,NA,NA,NA,NA
Target_Child,on,NA,NA,NA,NA,NA,NA,NA,0.012,NA,NA,NA,NA
Target_Child,y,NA,NA,NA,NA,NA,NA,NA,0.002,NA,NA,NA,NA
Target_Child,1pl,NA,NA,NA,NA,NA,NA,NA,NA,NA,NA,NA,NA
Target_Child,2pl,NA,NA,NA,NA,NA,NA,NA,NA,NA,NA,NA,NA
Target_Child,3pl,NA,NA,NA,NA,NA,NA,NA,0.006,NA,NA,NA,NA
Target_Child,2,NA,NA,NA,NA,NA,NA,NA,0.028,NA,NA,NA,NA
Target_Child,3,NA,NA,NA,NA,NA,NA,NA,0.07,NA,NA,NA,NA
Ann,1sg,NA,NA,NA,NA,NA,NA,NA,NA,NA,NA,NA,0.02817717996289425
Ann,2sg,NA,NA,NA,NA,NA,NA,NA,NA,NA,NA,NA,0.046318940799460306
Ann,3sg,NA,NA,NA,NA,NA,NA,NA,NA,NA,NA,NA,0.040668746837578
Ann,on,NA,NA,NA,NA,NA,NA,NA,NA,NA,NA,NA,0.001444172710406475
Ann,y,NA,NA,NA,NA,NA,NA,NA,NA,NA,NA,NA,0.004079524371732166
Ann,1pl,NA,NA,NA,NA,NA,NA,NA,NA,NA,NA,NA,0.000927643784786642
Ann,2pl,NA,NA,NA,NA,NA,NA,NA,NA,NA,NA,NA,0.00185528756957328
Ann,3pl,NA,NA,NA,NA,NA,NA,NA,NA,NA,NA,NA,0.029326193287232252
Ann,2,NA,NA,NA,NA,NA,NA,NA,NA,NA,NA,NA,0.04724658458424695
Ann,3,NA,NA,NA,NA,NA,NA,NA,NA,NA,NA,NA,0.06999494012481025
Lea,1sg,NA,NA,NA,NA,NA,NA,NA,NA,NA,NA,NA,NA
Lea,2sg,NA,NA,NA,NA,NA,NA,NA,NA,NA,NA,NA,NA
Lea,3sg,NA,NA,NA,NA,NA,NA,NA,NA,NA,NA,NA,NA
Lea,on,NA,NA,NA,NA,NA,NA,NA,NA,NA,NA,NA,NA
Lea,y,NA,NA,NA,NA,NA,NA,NA,NA,NA,NA,NA,NA
Lea,1pl,NA,NA,NA,NA,NA,NA,NA,NA,NA,NA,NA,NA
Lea,2pl,NA,NA,NA,NA,NA,NA,NA,NA,NA,NA,NA,NA
Lea,3pl,NA,NA,NA,NA,NA,NA,NA,NA,NA,NA,NA,NA
Lea,2,NA,NA,NA,NA,NA,NA,NA,NA,NA,NA,NA,NA
Lea,3,NA,NA,NA,NA,NA,NA,NA,NA,NA,NA,NA,NA
Max,1sg,NA,NA,0.008457009476031214,0.021566401816118,0.008502667591514424,0.027463213852654,0.01719446603450955,0.0242677702836048,0.0235869482474826,0.018925432509018434,0.01985298661969655,0.03743354137771615
Max,2sg,NA,0.0336787564766839,0.03067516722408025,0.0249716231555051,0.0419135030801094,0.037342082849075045,0.039586507072905355,0.04397731626054955,0.039250848274063346,0.035698392772036534,0.0456514013782022,0.023523462783171502
Max,3sg,NA,0.0259067357512953,0.0211904264214047,0.0612939841089671,0.00689476741276149,0.014172159589153185,0.023644333903311048,0.016661055710985452,0.014460280557521049,0.032814461541621265,0.0255054309199345,0.0293804900601017
Max,on,NA,NA,0.00334448160535117,NA,0.00180505415162455,NA,0.00114285714285714,0.003233651803438545,0.003688229487616255,0.013611235601658432,0.011063278328852635,0.003429842810910775
Max,y,NA,NA,NA,NA,0.00242718446601942,0.00108459869848156,0.00114285714285714,0.002679328078383115,0.000949667616334283,0.004845733210847637,0.00319095516207781,0.007667302357836315
Max,1pl,NA,NA,NA,NA,NA,NA,NA,0.00110864745011086,NA,0.000747384155455904,0.00119047619047619,NA
Max,2pl,NA,NA,0.00260416666666667,NA,NA,NA,NA,NA,NA,NA,NA,NA
Max,3pl,NA,0.00259067357512953,0.0258500557413601,NA,0.0134409391964527,0.010141102724293746,0.015507539250738351,0.018231736339257752,0.01168303314602043,0.010209916223628603,0.004488813695497665,0.013329288025889952
Max,2,NA,0.0336787564766839,0.0319772505574136,0.0249716231555051,0.0419135030801094,0.037342082849075045,0.039586507072905355,0.04397731626054955,0.039250848274063346,0.035698392772036534,0.0456514013782022,0.023523462783171502
Max,3,NA,0.0284974093264249,0.047040482162764796,0.0612939841089671,0.0203357066092142,0.02431326231344695,0.03915187315404945,0.034892792050243204,0.026143313703541497,0.0430243777652499,0.02999424461543215,0.04270977808599165
Greg,2sg,NA,NA,NA,NA,NA,NA,NA,NA,NA,0.0610859728506787,NA,NA
Greg,3sg,NA,NA,NA,NA,NA,NA,NA,NA,NA,0.0760180995475113,NA,NA
Greg,on,NA,NA,NA,NA,NA,NA,NA,NA,NA,0.0085972850678733,NA,NA
Greg,y,NA,NA,NA,NA,NA,NA,NA,NA,NA,0.00633484162895928,NA,NA
Greg,1pl,NA,NA,NA,NA,NA,NA,NA,NA,NA,0.000452488687782805,NA,NA
Greg,2pl,NA,NA,NA,NA,NA,NA,NA,NA,NA,NA,NA,NA
Greg,3pl,NA,NA,NA,NA,NA,NA,NA,NA,NA,0.0203619909502262,NA,NA
Greg,2,NA,NA,NA,NA,NA,NA,NA,NA,NA,0.0610859728506787,NA,NA
Greg,3,NA,NA,NA,NA,NA,NA,NA,NA,NA,0.0963800904977375,NA,NA
